AÃ±o,Mes,Hora,Demanda_MW
1,1,0, 986 
1,2,0, 915 
1,3,0, 936 
1,4,0, 843 
1,5,0, 945 
1,6,0, 972 
1,7,0," 1,043 "
1,8,0, 985 
1,9,0, 920 
1,10,0, 910 
1,11,0, 881 
1,12,0, 970 
2,1,0, 986 
2,2,0, 915 
2,3,0, 936 
2,4,0, 843 
2,5,0, 945 
2,6,0, 972 
2,7,0," 1,043 "
2,8,0, 985 
2,9,0, 920 
2,10,0, 910 
2,11,0, 881 
2,12,0, 970 
3,1,0, 986 
3,2,0, 915 
3,3,0, 936 
3,4,0, 843 
3,5,0, 945 
3,6,0, 972 
3,7,0," 1,043 "
3,8,0, 985 
3,9,0, 920 
3,10,0, 910 
3,11,0, 881 
3,12,0, 970 
4,1,0, 986 
4,2,0, 915 
4,3,0, 936 
4,4,0, 843 
4,5,0, 945 
4,6,0, 972 
4,7,0," 1,043 "
4,8,0, 985 
4,9,0, 920 
4,10,0, 910 
4,11,0, 881 
4,12,0, 970 
5,1,0, 986 
5,2,0, 915 
5,3,0, 936 
5,4,0, 843 
5,5,0, 945 
5,6,0, 972 
5,7,0," 1,043 "
5,8,0, 985 
5,9,0, 920 
5,10,0, 910 
5,11,0, 881 
5,12,0, 970 
6,1,0, 986 
6,2,0, 915 
6,3,0, 936 
6,4,0, 843 
6,5,0, 945 
6,6,0, 972 
6,7,0," 1,043 "
6,8,0, 985 
6,9,0, 920 
6,10,0, 910 
6,11,0, 881 
6,12,0, 970 
7,1,0, 986 
7,2,0, 915 
7,3,0, 936 
7,4,0, 843 
7,5,0, 945 
7,6,0, 972 
7,7,0," 1,043 "
7,8,0, 985 
7,9,0, 920 
7,10,0, 910 
7,11,0, 881 
7,12,0, 970 
8,1,0, 986 
8,2,0, 915 
8,3,0, 936 
8,4,0, 843 
8,5,0, 945 
8,6,0, 972 
8,7,0," 1,043 "
8,8,0, 985 
8,9,0, 920 
8,10,0, 910 
8,11,0, 881 
8,12,0, 970 
9,1,0, 986 
9,2,0, 915 
9,3,0, 936 
9,4,0, 843 
9,5,0, 945 
9,6,0, 972 
9,7,0," 1,043 "
9,8,0, 985 
9,9,0, 920 
9,10,0, 910 
9,11,0, 881 
9,12,0, 970 
10,1,0, 986 
10,2,0, 915 
10,3,0, 936 
10,4,0, 843 
10,5,0, 945 
10,6,0, 972 
10,7,0," 1,043 "
10,8,0, 985 
10,9,0, 920 
10,10,0, 910 
10,11,0, 881 
10,12,0, 970 
1,1,1, 879 
1,2,1, 818 
1,3,1, 834 
1,4,1, 760 
1,5,1, 832 
1,6,1, 842 
1,7,1, 899 
1,8,1, 858 
1,9,1, 834 
1,10,1, 800 
1,11,1, 779 
1,12,1, 856 
2,1,1, 879 
2,2,1, 818 
2,3,1, 834 
2,4,1, 760 
2,5,1, 832 
2,6,1, 842 
2,7,1, 899 
2,8,1, 858 
2,9,1, 834 
2,10,1, 800 
2,11,1, 779 
2,12,1, 856 
3,1,1, 879 
3,2,1, 818 
3,3,1, 834 
3,4,1, 760 
3,5,1, 832 
3,6,1, 842 
3,7,1, 899 
3,8,1, 858 
3,9,1, 834 
3,10,1, 800 
3,11,1, 779 
3,12,1, 856 
4,1,1, 879 
4,2,1, 818 
4,3,1, 834 
4,4,1, 760 
4,5,1, 832 
4,6,1, 842 
4,7,1, 899 
4,8,1, 858 
4,9,1, 834 
4,10,1, 800 
4,11,1, 779 
4,12,1, 856 
5,1,1, 879 
5,2,1, 818 
5,3,1, 834 
5,4,1, 760 
5,5,1, 832 
5,6,1, 842 
5,7,1, 899 
5,8,1, 858 
5,9,1, 834 
5,10,1, 800 
5,11,1, 779 
5,12,1, 856 
6,1,1, 879 
6,2,1, 818 
6,3,1, 834 
6,4,1, 760 
6,5,1, 832 
6,6,1, 842 
6,7,1, 899 
6,8,1, 858 
6,9,1, 834 
6,10,1, 800 
6,11,1, 779 
6,12,1, 856 
7,1,1, 879 
7,2,1, 818 
7,3,1, 834 
7,4,1, 760 
7,5,1, 832 
7,6,1, 842 
7,7,1, 899 
7,8,1, 858 
7,9,1, 834 
7,10,1, 800 
7,11,1, 779 
7,12,1, 856 
8,1,1, 879 
8,2,1, 818 
8,3,1, 834 
8,4,1, 760 
8,5,1, 832 
8,6,1, 842 
8,7,1, 899 
8,8,1, 858 
8,9,1, 834 
8,10,1, 800 
8,11,1, 779 
8,12,1, 856 
9,1,1, 879 
9,2,1, 818 
9,3,1, 834 
9,4,1, 760 
9,5,1, 832 
9,6,1, 842 
9,7,1, 899 
9,8,1, 858 
9,9,1, 834 
9,10,1, 800 
9,11,1, 779 
9,12,1, 856 
10,1,1, 879 
10,2,1, 818 
10,3,1, 834 
10,4,1, 760 
10,5,1, 832 
10,6,1, 842 
10,7,1, 899 
10,8,1, 858 
10,9,1, 834 
10,10,1, 800 
10,11,1, 779 
10,12,1, 856 
1,1,2, 805 
1,2,2, 749 
1,3,2, 773 
1,4,2, 703 
1,5,2, 760 
1,6,2, 760 
1,7,2, 808 
1,8,2, 776 
1,9,2, 753 
1,10,2, 731 
1,11,2, 712 
1,12,2, 782 
2,1,2, 805 
2,2,2, 749 
2,3,2, 773 
2,4,2, 703 
2,5,2, 760 
2,6,2, 760 
2,7,2, 808 
2,8,2, 776 
2,9,2, 753 
2,10,2, 731 
2,11,2, 712 
2,12,2, 782 
3,1,2, 805 
3,2,2, 749 
3,3,2, 773 
3,4,2, 703 
3,5,2, 760 
3,6,2, 760 
3,7,2, 808 
3,8,2, 776 
3,9,2, 753 
3,10,2, 731 
3,11,2, 712 
3,12,2, 782 
4,1,2, 805 
4,2,2, 749 
4,3,2, 773 
4,4,2, 703 
4,5,2, 760 
4,6,2, 760 
4,7,2, 808 
4,8,2, 776 
4,9,2, 753 
4,10,2, 731 
4,11,2, 712 
4,12,2, 782 
5,1,2, 805 
5,2,2, 749 
5,3,2, 773 
5,4,2, 703 
5,5,2, 760 
5,6,2, 760 
5,7,2, 808 
5,8,2, 776 
5,9,2, 753 
5,10,2, 731 
5,11,2, 712 
5,12,2, 782 
6,1,2, 805 
6,2,2, 749 
6,3,2, 773 
6,4,2, 703 
6,5,2, 760 
6,6,2, 760 
6,7,2, 808 
6,8,2, 776 
6,9,2, 753 
6,10,2, 731 
6,11,2, 712 
6,12,2, 782 
7,1,2, 805 
7,2,2, 749 
7,3,2, 773 
7,4,2, 703 
7,5,2, 760 
7,6,2, 760 
7,7,2, 808 
7,8,2, 776 
7,9,2, 753 
7,10,2, 731 
7,11,2, 712 
7,12,2, 782 
8,1,2, 805 
8,2,2, 749 
8,3,2, 773 
8,4,2, 703 
8,5,2, 760 
8,6,2, 760 
8,7,2, 808 
8,8,2, 776 
8,9,2, 753 
8,10,2, 731 
8,11,2, 712 
8,12,2, 782 
9,1,2, 805 
9,2,2, 749 
9,3,2, 773 
9,4,2, 703 
9,5,2, 760 
9,6,2, 760 
9,7,2, 808 
9,8,2, 776 
9,9,2, 753 
9,10,2, 731 
9,11,2, 712 
9,12,2, 782 
10,1,2, 805 
10,2,2, 749 
10,3,2, 773 
10,4,2, 703 
10,5,2, 760 
10,6,2, 760 
10,7,2, 808 
10,8,2, 776 
10,9,2, 753 
10,10,2, 731 
10,11,2, 712 
10,12,2, 782 
1,1,3, 765 
1,2,3, 709 
1,3,3, 740 
1,4,3, 673 
1,5,3, 722 
1,6,3, 713 
1,7,3, 752 
1,8,3, 731 
1,9,3, 709 
1,10,3, 693 
1,11,3, 675 
1,12,3, 738 
2,1,3, 765 
2,2,3, 709 
2,3,3, 740 
2,4,3, 673 
2,5,3, 722 
2,6,3, 713 
2,7,3, 752 
2,8,3, 731 
2,9,3, 709 
2,10,3, 693 
2,11,3, 675 
2,12,3, 738 
3,1,3, 765 
3,2,3, 709 
3,3,3, 740 
3,4,3, 673 
3,5,3, 722 
3,6,3, 713 
3,7,3, 752 
3,8,3, 731 
3,9,3, 709 
3,10,3, 693 
3,11,3, 675 
3,12,3, 738 
4,1,3, 765 
4,2,3, 709 
4,3,3, 740 
4,4,3, 673 
4,5,3, 722 
4,6,3, 713 
4,7,3, 752 
4,8,3, 731 
4,9,3, 709 
4,10,3, 693 
4,11,3, 675 
4,12,3, 738 
5,1,3, 765 
5,2,3, 709 
5,3,3, 740 
5,4,3, 673 
5,5,3, 722 
5,6,3, 713 
5,7,3, 752 
5,8,3, 731 
5,9,3, 709 
5,10,3, 693 
5,11,3, 675 
5,12,3, 738 
6,1,3, 765 
6,2,3, 709 
6,3,3, 740 
6,4,3, 673 
6,5,3, 722 
6,6,3, 713 
6,7,3, 752 
6,8,3, 731 
6,9,3, 709 
6,10,3, 693 
6,11,3, 675 
6,12,3, 738 
7,1,3, 765 
7,2,3, 709 
7,3,3, 740 
7,4,3, 673 
7,5,3, 722 
7,6,3, 713 
7,7,3, 752 
7,8,3, 731 
7,9,3, 709 
7,10,3, 693 
7,11,3, 675 
7,12,3, 738 
8,1,3, 765 
8,2,3, 709 
8,3,3, 740 
8,4,3, 673 
8,5,3, 722 
8,6,3, 713 
8,7,3, 752 
8,8,3, 731 
8,9,3, 709 
8,10,3, 693 
8,11,3, 675 
8,12,3, 738 
9,1,3, 765 
9,2,3, 709 
9,3,3, 740 
9,4,3, 673 
9,5,3, 722 
9,6,3, 713 
9,7,3, 752 
9,8,3, 731 
9,9,3, 709 
9,10,3, 693 
9,11,3, 675 
9,12,3, 738 
10,1,3, 765 
10,2,3, 709 
10,3,3, 740 
10,4,3, 673 
10,5,3, 722 
10,6,3, 713 
10,7,3, 752 
10,8,3, 731 
10,9,3, 709 
10,10,3, 693 
10,11,3, 675 
10,12,3, 738 
1,1,4, 742 
1,2,4, 688 
1,3,4, 722 
1,4,4, 661 
1,5,4, 706 
1,6,4, 694 
1,7,4, 730 
1,8,4, 715 
1,9,4, 690 
1,10,4, 679 
1,11,4, 661 
1,12,4, 720 
2,1,4, 742 
2,2,4, 688 
2,3,4, 722 
2,4,4, 661 
2,5,4, 706 
2,6,4, 694 
2,7,4, 730 
2,8,4, 715 
2,9,4, 690 
2,10,4, 679 
2,11,4, 661 
2,12,4, 720 
3,1,4, 742 
3,2,4, 688 
3,3,4, 722 
3,4,4, 661 
3,5,4, 706 
3,6,4, 694 
3,7,4, 730 
3,8,4, 715 
3,9,4, 690 
3,10,4, 679 
3,11,4, 661 
3,12,4, 720 
4,1,4, 742 
4,2,4, 688 
4,3,4, 722 
4,4,4, 661 
4,5,4, 706 
4,6,4, 694 
4,7,4, 730 
4,8,4, 715 
4,9,4, 690 
4,10,4, 679 
4,11,4, 661 
4,12,4, 720 
5,1,4, 742 
5,2,4, 688 
5,3,4, 722 
5,4,4, 661 
5,5,4, 706 
5,6,4, 694 
5,7,4, 730 
5,8,4, 715 
5,9,4, 690 
5,10,4, 679 
5,11,4, 661 
5,12,4, 720 
6,1,4, 742 
6,2,4, 688 
6,3,4, 722 
6,4,4, 661 
6,5,4, 706 
6,6,4, 694 
6,7,4, 730 
6,8,4, 715 
6,9,4, 690 
6,10,4, 679 
6,11,4, 661 
6,12,4, 720 
7,1,4, 742 
7,2,4, 688 
7,3,4, 722 
7,4,4, 661 
7,5,4, 706 
7,6,4, 694 
7,7,4, 730 
7,8,4, 715 
7,9,4, 690 
7,10,4, 679 
7,11,4, 661 
7,12,4, 720 
8,1,4, 742 
8,2,4, 688 
8,3,4, 722 
8,4,4, 661 
8,5,4, 706 
8,6,4, 694 
8,7,4, 730 
8,8,4, 715 
8,9,4, 690 
8,10,4, 679 
8,11,4, 661 
8,12,4, 720 
9,1,4, 742 
9,2,4, 688 
9,3,4, 722 
9,4,4, 661 
9,5,4, 706 
9,6,4, 694 
9,7,4, 730 
9,8,4, 715 
9,9,4, 690 
9,10,4, 679 
9,11,4, 661 
9,12,4, 720 
10,1,4, 742 
10,2,4, 688 
10,3,4, 722 
10,4,4, 661 
10,5,4, 706 
10,6,4, 694 
10,7,4, 730 
10,8,4, 715 
10,9,4, 690 
10,10,4, 679 
10,11,4, 661 
10,12,4, 720 
1,1,5, 745 
1,2,5, 693 
1,3,5, 738 
1,4,5, 675 
1,5,5, 724 
1,6,5, 707 
1,7,5, 741 
1,8,5, 737 
1,9,5, 702 
1,10,5, 693 
1,11,5, 673 
1,12,5, 723 
2,1,5, 745 
2,2,5, 693 
2,3,5, 738 
2,4,5, 675 
2,5,5, 724 
2,6,5, 707 
2,7,5, 741 
2,8,5, 737 
2,9,5, 702 
2,10,5, 693 
2,11,5, 673 
2,12,5, 723 
3,1,5, 745 
3,2,5, 693 
3,3,5, 738 
3,4,5, 675 
3,5,5, 724 
3,6,5, 707 
3,7,5, 741 
3,8,5, 737 
3,9,5, 702 
3,10,5, 693 
3,11,5, 673 
3,12,5, 723 
4,1,5, 745 
4,2,5, 693 
4,3,5, 738 
4,4,5, 675 
4,5,5, 724 
4,6,5, 707 
4,7,5, 741 
4,8,5, 737 
4,9,5, 702 
4,10,5, 693 
4,11,5, 673 
4,12,5, 723 
5,1,5, 745 
5,2,5, 693 
5,3,5, 738 
5,4,5, 675 
5,5,5, 724 
5,6,5, 707 
5,7,5, 741 
5,8,5, 737 
5,9,5, 702 
5,10,5, 693 
5,11,5, 673 
5,12,5, 723 
6,1,5, 745 
6,2,5, 693 
6,3,5, 738 
6,4,5, 675 
6,5,5, 724 
6,6,5, 707 
6,7,5, 741 
6,8,5, 737 
6,9,5, 702 
6,10,5, 693 
6,11,5, 673 
6,12,5, 723 
7,1,5, 745 
7,2,5, 693 
7,3,5, 738 
7,4,5, 675 
7,5,5, 724 
7,6,5, 707 
7,7,5, 741 
7,8,5, 737 
7,9,5, 702 
7,10,5, 693 
7,11,5, 673 
7,12,5, 723 
8,1,5, 745 
8,2,5, 693 
8,3,5, 738 
8,4,5, 675 
8,5,5, 724 
8,6,5, 707 
8,7,5, 741 
8,8,5, 737 
8,9,5, 702 
8,10,5, 693 
8,11,5, 673 
8,12,5, 723 
9,1,5, 745 
9,2,5, 693 
9,3,5, 738 
9,4,5, 675 
9,5,5, 724 
9,6,5, 707 
9,7,5, 741 
9,8,5, 737 
9,9,5, 702 
9,10,5, 693 
9,11,5, 673 
9,12,5, 723 
10,1,5, 745 
10,2,5, 693 
10,3,5, 738 
10,4,5, 675 
10,5,5, 724 
10,6,5, 707 
10,7,5, 741 
10,8,5, 737 
10,9,5, 702 
10,10,5, 693 
10,11,5, 673 
10,12,5, 723 
1,1,6, 767 
1,2,6, 726 
1,3,6, 812 
1,4,6, 733 
1,5,6, 804 
1,6,6, 787 
1,7,6, 816 
1,8,6, 824 
1,9,6, 773 
1,10,6, 760 
1,11,6, 717 
1,12,6, 738 
2,1,6, 767 
2,2,6, 726 
2,3,6, 812 
2,4,6, 733 
2,5,6, 804 
2,6,6, 787 
2,7,6, 816 
2,8,6, 824 
2,9,6, 773 
2,10,6, 760 
2,11,6, 717 
2,12,6, 738 
3,1,6, 767 
3,2,6, 726 
3,3,6, 812 
3,4,6, 733 
3,5,6, 804 
3,6,6, 787 
3,7,6, 816 
3,8,6, 824 
3,9,6, 773 
3,10,6, 760 
3,11,6, 717 
3,12,6, 738 
4,1,6, 767 
4,2,6, 726 
4,3,6, 812 
4,4,6, 733 
4,5,6, 804 
4,6,6, 787 
4,7,6, 816 
4,8,6, 824 
4,9,6, 773 
4,10,6, 760 
4,11,6, 717 
4,12,6, 738 
5,1,6, 767 
5,2,6, 726 
5,3,6, 812 
5,4,6, 733 
5,5,6, 804 
5,6,6, 787 
5,7,6, 816 
5,8,6, 824 
5,9,6, 773 
5,10,6, 760 
5,11,6, 717 
5,12,6, 738 
6,1,6, 767 
6,2,6, 726 
6,3,6, 812 
6,4,6, 733 
6,5,6, 804 
6,6,6, 787 
6,7,6, 816 
6,8,6, 824 
6,9,6, 773 
6,10,6, 760 
6,11,6, 717 
6,12,6, 738 
7,1,6, 767 
7,2,6, 726 
7,3,6, 812 
7,4,6, 733 
7,5,6, 804 
7,6,6, 787 
7,7,6, 816 
7,8,6, 824 
7,9,6, 773 
7,10,6, 760 
7,11,6, 717 
7,12,6, 738 
8,1,6, 767 
8,2,6, 726 
8,3,6, 812 
8,4,6, 733 
8,5,6, 804 
8,6,6, 787 
8,7,6, 816 
8,8,6, 824 
8,9,6, 773 
8,10,6, 760 
8,11,6, 717 
8,12,6, 738 
9,1,6, 767 
9,2,6, 726 
9,3,6, 812 
9,4,6, 733 
9,5,6, 804 
9,6,6, 787 
9,7,6, 816 
9,8,6, 824 
9,9,6, 773 
9,10,6, 760 
9,11,6, 717 
9,12,6, 738 
10,1,6, 767 
10,2,6, 726 
10,3,6, 812 
10,4,6, 733 
10,5,6, 804 
10,6,6, 787 
10,7,6, 816 
10,8,6, 824 
10,9,6, 773 
10,10,6, 760 
10,11,6, 717 
10,12,6, 738 
1,1,7, 813 
1,2,7, 766 
1,3,7, 895 
1,4,7, 786 
1,5,7, 889 
1,6,7, 887 
1,7,7, 916 
1,8,7, 919 
1,9,7, 866 
1,10,7, 824 
1,11,7, 786 
1,12,7, 802 
2,1,7, 813 
2,2,7, 766 
2,3,7, 895 
2,4,7, 786 
2,5,7, 889 
2,6,7, 887 
2,7,7, 916 
2,8,7, 919 
2,9,7, 866 
2,10,7, 824 
2,11,7, 786 
2,12,7, 802 
3,1,7, 813 
3,2,7, 766 
3,3,7, 895 
3,4,7, 786 
3,5,7, 889 
3,6,7, 887 
3,7,7, 916 
3,8,7, 919 
3,9,7, 866 
3,10,7, 824 
3,11,7, 786 
3,12,7, 802 
4,1,7, 813 
4,2,7, 766 
4,3,7, 895 
4,4,7, 786 
4,5,7, 889 
4,6,7, 887 
4,7,7, 916 
4,8,7, 919 
4,9,7, 866 
4,10,7, 824 
4,11,7, 786 
4,12,7, 802 
5,1,7, 813 
5,2,7, 766 
5,3,7, 895 
5,4,7, 786 
5,5,7, 889 
5,6,7, 887 
5,7,7, 916 
5,8,7, 919 
5,9,7, 866 
5,10,7, 824 
5,11,7, 786 
5,12,7, 802 
6,1,7, 813 
6,2,7, 766 
6,3,7, 895 
6,4,7, 786 
6,5,7, 889 
6,6,7, 887 
6,7,7, 916 
6,8,7, 919 
6,9,7, 866 
6,10,7, 824 
6,11,7, 786 
6,12,7, 802 
7,1,7, 813 
7,2,7, 766 
7,3,7, 895 
7,4,7, 786 
7,5,7, 889 
7,6,7, 887 
7,7,7, 916 
7,8,7, 919 
7,9,7, 866 
7,10,7, 824 
7,11,7, 786 
7,12,7, 802 
8,1,7, 813 
8,2,7, 766 
8,3,7, 895 
8,4,7, 786 
8,5,7, 889 
8,6,7, 887 
8,7,7, 916 
8,8,7, 919 
8,9,7, 866 
8,10,7, 824 
8,11,7, 786 
8,12,7, 802 
9,1,7, 813 
9,2,7, 766 
9,3,7, 895 
9,4,7, 786 
9,5,7, 889 
9,6,7, 887 
9,7,7, 916 
9,8,7, 919 
9,9,7, 866 
9,10,7, 824 
9,11,7, 786 
9,12,7, 802 
10,1,7, 813 
10,2,7, 766 
10,3,7, 895 
10,4,7, 786 
10,5,7, 889 
10,6,7, 887 
10,7,7, 916 
10,8,7, 919 
10,9,7, 866 
10,10,7, 824 
10,11,7, 786 
10,12,7, 802 
1,1,8, 935 
1,2,8, 860 
1,3,8, 967 
1,4,8, 882 
1,5,8, 978 
1,6,8, 985 
1,7,8," 1,023 "
1,8,8," 1,024 "
1,9,8, 960 
1,10,8, 929 
1,11,8, 897 
1,12,8, 923 
2,1,8, 935 
2,2,8, 860 
2,3,8, 967 
2,4,8, 882 
2,5,8, 978 
2,6,8, 985 
2,7,8," 1,023 "
2,8,8," 1,024 "
2,9,8, 960 
2,10,8, 929 
2,11,8, 897 
2,12,8, 923 
3,1,8, 935 
3,2,8, 860 
3,3,8, 967 
3,4,8, 882 
3,5,8, 978 
3,6,8, 985 
3,7,8," 1,023 "
3,8,8," 1,024 "
3,9,8, 960 
3,10,8, 929 
3,11,8, 897 
3,12,8, 923 
4,1,8, 935 
4,2,8, 860 
4,3,8, 967 
4,4,8, 882 
4,5,8, 978 
4,6,8, 985 
4,7,8," 1,023 "
4,8,8," 1,024 "
4,9,8, 960 
4,10,8, 929 
4,11,8, 897 
4,12,8, 923 
5,1,8, 935 
5,2,8, 860 
5,3,8, 967 
5,4,8, 882 
5,5,8, 978 
5,6,8, 985 
5,7,8," 1,023 "
5,8,8," 1,024 "
5,9,8, 960 
5,10,8, 929 
5,11,8, 897 
5,12,8, 923 
6,1,8, 935 
6,2,8, 860 
6,3,8, 967 
6,4,8, 882 
6,5,8, 978 
6,6,8, 985 
6,7,8," 1,023 "
6,8,8," 1,024 "
6,9,8, 960 
6,10,8, 929 
6,11,8, 897 
6,12,8, 923 
7,1,8, 935 
7,2,8, 860 
7,3,8, 967 
7,4,8, 882 
7,5,8, 978 
7,6,8, 985 
7,7,8," 1,023 "
7,8,8," 1,024 "
7,9,8, 960 
7,10,8, 929 
7,11,8, 897 
7,12,8, 923 
8,1,8, 935 
8,2,8, 860 
8,3,8, 967 
8,4,8, 882 
8,5,8, 978 
8,6,8, 985 
8,7,8," 1,023 "
8,8,8," 1,024 "
8,9,8, 960 
8,10,8, 929 
8,11,8, 897 
8,12,8, 923 
9,1,8, 935 
9,2,8, 860 
9,3,8, 967 
9,4,8, 882 
9,5,8, 978 
9,6,8, 985 
9,7,8," 1,023 "
9,8,8," 1,024 "
9,9,8, 960 
9,10,8, 929 
9,11,8, 897 
9,12,8, 923 
10,1,8, 935 
10,2,8, 860 
10,3,8, 967 
10,4,8, 882 
10,5,8, 978 
10,6,8, 985 
10,7,8," 1,023 "
10,8,8," 1,024 "
10,9,8, 960 
10,10,8, 929 
10,11,8, 897 
10,12,8, 923 
1,1,9," 1,049 "
1,2,9, 969 
1,3,9," 1,068 "
1,4,9, 982 
1,5,9," 1,086 "
1,6,9," 1,105 "
1,7,9," 1,156 "
1,8,9," 1,140 "
1,9,9," 1,065 "
1,10,9," 1,034 "
1,11,9, 997 
1,12,9," 1,032 "
2,1,9," 1,049 "
2,2,9, 969 
2,3,9," 1,068 "
2,4,9, 982 
2,5,9," 1,086 "
2,6,9," 1,105 "
2,7,9," 1,156 "
2,8,9," 1,140 "
2,9,9," 1,065 "
2,10,9," 1,034 "
2,11,9, 997 
2,12,9," 1,032 "
3,1,9," 1,049 "
3,2,9, 969 
3,3,9," 1,068 "
3,4,9, 982 
3,5,9," 1,086 "
3,6,9," 1,105 "
3,7,9," 1,156 "
3,8,9," 1,140 "
3,9,9," 1,065 "
3,10,9," 1,034 "
3,11,9, 997 
3,12,9," 1,032 "
4,1,9," 1,049 "
4,2,9, 969 
4,3,9," 1,068 "
4,4,9, 982 
4,5,9," 1,086 "
4,6,9," 1,105 "
4,7,9," 1,156 "
4,8,9," 1,140 "
4,9,9," 1,065 "
4,10,9," 1,034 "
4,11,9, 997 
4,12,9," 1,032 "
5,1,9," 1,049 "
5,2,9, 969 
5,3,9," 1,068 "
5,4,9, 982 
5,5,9," 1,086 "
5,6,9," 1,105 "
5,7,9," 1,156 "
5,8,9," 1,140 "
5,9,9," 1,065 "
5,10,9," 1,034 "
5,11,9, 997 
5,12,9," 1,032 "
6,1,9," 1,049 "
6,2,9, 969 
6,3,9," 1,068 "
6,4,9, 982 
6,5,9," 1,086 "
6,6,9," 1,105 "
6,7,9," 1,156 "
6,8,9," 1,140 "
6,9,9," 1,065 "
6,10,9," 1,034 "
6,11,9, 997 
6,12,9," 1,032 "
7,1,9," 1,049 "
7,2,9, 969 
7,3,9," 1,068 "
7,4,9, 982 
7,5,9," 1,086 "
7,6,9," 1,105 "
7,7,9," 1,156 "
7,8,9," 1,140 "
7,9,9," 1,065 "
7,10,9," 1,034 "
7,11,9, 997 
7,12,9," 1,032 "
8,1,9," 1,049 "
8,2,9, 969 
8,3,9," 1,068 "
8,4,9, 982 
8,5,9," 1,086 "
8,6,9," 1,105 "
8,7,9," 1,156 "
8,8,9," 1,140 "
8,9,9," 1,065 "
8,10,9," 1,034 "
8,11,9, 997 
8,12,9," 1,032 "
9,1,9," 1,049 "
9,2,9, 969 
9,3,9," 1,068 "
9,4,9, 982 
9,5,9," 1,086 "
9,6,9," 1,105 "
9,7,9," 1,156 "
9,8,9," 1,140 "
9,9,9," 1,065 "
9,10,9," 1,034 "
9,11,9, 997 
9,12,9," 1,032 "
10,1,9," 1,049 "
10,2,9, 969 
10,3,9," 1,068 "
10,4,9, 982 
10,5,9," 1,086 "
10,6,9," 1,105 "
10,7,9," 1,156 "
10,8,9," 1,140 "
10,9,9," 1,065 "
10,10,9," 1,034 "
10,11,9, 997 
10,12,9," 1,032 "
1,1,10," 1,128 "
1,2,10," 1,045 "
1,3,10," 1,137 "
1,4,10," 1,039 "
1,5,10," 1,145 "
1,6,10," 1,181 "
1,7,10," 1,236 "
1,8,10," 1,199 "
1,9,10," 1,129 "
1,10,10," 1,093 "
1,11,10," 1,057 "
1,12,10," 1,101 "
2,1,10," 1,128 "
2,2,10," 1,045 "
2,3,10," 1,137 "
2,4,10," 1,039 "
2,5,10," 1,145 "
2,6,10," 1,181 "
2,7,10," 1,236 "
2,8,10," 1,199 "
2,9,10," 1,129 "
2,10,10," 1,093 "
2,11,10," 1,057 "
2,12,10," 1,101 "
3,1,10," 1,128 "
3,2,10," 1,045 "
3,3,10," 1,137 "
3,4,10," 1,039 "
3,5,10," 1,145 "
3,6,10," 1,181 "
3,7,10," 1,236 "
3,8,10," 1,199 "
3,9,10," 1,129 "
3,10,10," 1,093 "
3,11,10," 1,057 "
3,12,10," 1,101 "
4,1,10," 1,128 "
4,2,10," 1,045 "
4,3,10," 1,137 "
4,4,10," 1,039 "
4,5,10," 1,145 "
4,6,10," 1,181 "
4,7,10," 1,236 "
4,8,10," 1,199 "
4,9,10," 1,129 "
4,10,10," 1,093 "
4,11,10," 1,057 "
4,12,10," 1,101 "
5,1,10," 1,128 "
5,2,10," 1,045 "
5,3,10," 1,137 "
5,4,10," 1,039 "
5,5,10," 1,145 "
5,6,10," 1,181 "
5,7,10," 1,236 "
5,8,10," 1,199 "
5,9,10," 1,129 "
5,10,10," 1,093 "
5,11,10," 1,057 "
5,12,10," 1,101 "
6,1,10," 1,128 "
6,2,10," 1,045 "
6,3,10," 1,137 "
6,4,10," 1,039 "
6,5,10," 1,145 "
6,6,10," 1,181 "
6,7,10," 1,236 "
6,8,10," 1,199 "
6,9,10," 1,129 "
6,10,10," 1,093 "
6,11,10," 1,057 "
6,12,10," 1,101 "
7,1,10," 1,128 "
7,2,10," 1,045 "
7,3,10," 1,137 "
7,4,10," 1,039 "
7,5,10," 1,145 "
7,6,10," 1,181 "
7,7,10," 1,236 "
7,8,10," 1,199 "
7,9,10," 1,129 "
7,10,10," 1,093 "
7,11,10," 1,057 "
7,12,10," 1,101 "
8,1,10," 1,128 "
8,2,10," 1,045 "
8,3,10," 1,137 "
8,4,10," 1,039 "
8,5,10," 1,145 "
8,6,10," 1,181 "
8,7,10," 1,236 "
8,8,10," 1,199 "
8,9,10," 1,129 "
8,10,10," 1,093 "
8,11,10," 1,057 "
8,12,10," 1,101 "
9,1,10," 1,128 "
9,2,10," 1,045 "
9,3,10," 1,137 "
9,4,10," 1,039 "
9,5,10," 1,145 "
9,6,10," 1,181 "
9,7,10," 1,236 "
9,8,10," 1,199 "
9,9,10," 1,129 "
9,10,10," 1,093 "
9,11,10," 1,057 "
9,12,10," 1,101 "
10,1,10," 1,128 "
10,2,10," 1,045 "
10,3,10," 1,137 "
10,4,10," 1,039 "
10,5,10," 1,145 "
10,6,10," 1,181 "
10,7,10," 1,236 "
10,8,10," 1,199 "
10,9,10," 1,129 "
10,10,10," 1,093 "
10,11,10," 1,057 "
10,12,10," 1,101 "
1,1,11," 1,184 "
1,2,11," 1,095 "
1,3,11," 1,183 "
1,4,11," 1,076 "
1,5,11," 1,176 "
1,6,11," 1,219 "
1,7,11," 1,275 "
1,8,11," 1,222 "
1,9,11," 1,158 "
1,10,11," 1,122 "
1,11,11," 1,095 "
1,12,11," 1,148 "
2,1,11," 1,184 "
2,2,11," 1,095 "
2,3,11," 1,183 "
2,4,11," 1,076 "
2,5,11," 1,176 "
2,6,11," 1,219 "
2,7,11," 1,275 "
2,8,11," 1,222 "
2,9,11," 1,158 "
2,10,11," 1,122 "
2,11,11," 1,095 "
2,12,11," 1,148 "
3,1,11," 1,184 "
3,2,11," 1,095 "
3,3,11," 1,183 "
3,4,11," 1,076 "
3,5,11," 1,176 "
3,6,11," 1,219 "
3,7,11," 1,275 "
3,8,11," 1,222 "
3,9,11," 1,158 "
3,10,11," 1,122 "
3,11,11," 1,095 "
3,12,11," 1,148 "
4,1,11," 1,184 "
4,2,11," 1,095 "
4,3,11," 1,183 "
4,4,11," 1,076 "
4,5,11," 1,176 "
4,6,11," 1,219 "
4,7,11," 1,275 "
4,8,11," 1,222 "
4,9,11," 1,158 "
4,10,11," 1,122 "
4,11,11," 1,095 "
4,12,11," 1,148 "
5,1,11," 1,184 "
5,2,11," 1,095 "
5,3,11," 1,183 "
5,4,11," 1,076 "
5,5,11," 1,176 "
5,6,11," 1,219 "
5,7,11," 1,275 "
5,8,11," 1,222 "
5,9,11," 1,158 "
5,10,11," 1,122 "
5,11,11," 1,095 "
5,12,11," 1,148 "
6,1,11," 1,184 "
6,2,11," 1,095 "
6,3,11," 1,183 "
6,4,11," 1,076 "
6,5,11," 1,176 "
6,6,11," 1,219 "
6,7,11," 1,275 "
6,8,11," 1,222 "
6,9,11," 1,158 "
6,10,11," 1,122 "
6,11,11," 1,095 "
6,12,11," 1,148 "
7,1,11," 1,184 "
7,2,11," 1,095 "
7,3,11," 1,183 "
7,4,11," 1,076 "
7,5,11," 1,176 "
7,6,11," 1,219 "
7,7,11," 1,275 "
7,8,11," 1,222 "
7,9,11," 1,158 "
7,10,11," 1,122 "
7,11,11," 1,095 "
7,12,11," 1,148 "
8,1,11," 1,184 "
8,2,11," 1,095 "
8,3,11," 1,183 "
8,4,11," 1,076 "
8,5,11," 1,176 "
8,6,11," 1,219 "
8,7,11," 1,275 "
8,8,11," 1,222 "
8,9,11," 1,158 "
8,10,11," 1,122 "
8,11,11," 1,095 "
8,12,11," 1,148 "
9,1,11," 1,184 "
9,2,11," 1,095 "
9,3,11," 1,183 "
9,4,11," 1,076 "
9,5,11," 1,176 "
9,6,11," 1,219 "
9,7,11," 1,275 "
9,8,11," 1,222 "
9,9,11," 1,158 "
9,10,11," 1,122 "
9,11,11," 1,095 "
9,12,11," 1,148 "
10,1,11," 1,184 "
10,2,11," 1,095 "
10,3,11," 1,183 "
10,4,11," 1,076 "
10,5,11," 1,176 "
10,6,11," 1,219 "
10,7,11," 1,275 "
10,8,11," 1,222 "
10,9,11," 1,158 "
10,10,11," 1,122 "
10,11,11," 1,095 "
10,12,11," 1,148 "
1,1,12," 1,230 "
1,2,12," 1,137 "
1,3,12," 1,221 "
1,4,12," 1,101 "
1,5,12," 1,197 "
1,6,12," 1,242 "
1,7,12," 1,297 "
1,8,12," 1,233 "
1,9,12," 1,173 "
1,10,12," 1,143 "
1,11,12," 1,122 "
1,12,12," 1,190 "
2,1,12," 1,230 "
2,2,12," 1,137 "
2,3,12," 1,221 "
2,4,12," 1,101 "
2,5,12," 1,197 "
2,6,12," 1,242 "
2,7,12," 1,297 "
2,8,12," 1,233 "
2,9,12," 1,173 "
2,10,12," 1,143 "
2,11,12," 1,122 "
2,12,12," 1,190 "
3,1,12," 1,230 "
3,2,12," 1,137 "
3,3,12," 1,221 "
3,4,12," 1,101 "
3,5,12," 1,197 "
3,6,12," 1,242 "
3,7,12," 1,297 "
3,8,12," 1,233 "
3,9,12," 1,173 "
3,10,12," 1,143 "
3,11,12," 1,122 "
3,12,12," 1,190 "
4,1,12," 1,230 "
4,2,12," 1,137 "
4,3,12," 1,221 "
4,4,12," 1,101 "
4,5,12," 1,197 "
4,6,12," 1,242 "
4,7,12," 1,297 "
4,8,12," 1,233 "
4,9,12," 1,173 "
4,10,12," 1,143 "
4,11,12," 1,122 "
4,12,12," 1,190 "
5,1,12," 1,230 "
5,2,12," 1,137 "
5,3,12," 1,221 "
5,4,12," 1,101 "
5,5,12," 1,197 "
5,6,12," 1,242 "
5,7,12," 1,297 "
5,8,12," 1,233 "
5,9,12," 1,173 "
5,10,12," 1,143 "
5,11,12," 1,122 "
5,12,12," 1,190 "
6,1,12," 1,230 "
6,2,12," 1,137 "
6,3,12," 1,221 "
6,4,12," 1,101 "
6,5,12," 1,197 "
6,6,12," 1,242 "
6,7,12," 1,297 "
6,8,12," 1,233 "
6,9,12," 1,173 "
6,10,12," 1,143 "
6,11,12," 1,122 "
6,12,12," 1,190 "
7,1,12," 1,230 "
7,2,12," 1,137 "
7,3,12," 1,221 "
7,4,12," 1,101 "
7,5,12," 1,197 "
7,6,12," 1,242 "
7,7,12," 1,297 "
7,8,12," 1,233 "
7,9,12," 1,173 "
7,10,12," 1,143 "
7,11,12," 1,122 "
7,12,12," 1,190 "
8,1,12," 1,230 "
8,2,12," 1,137 "
8,3,12," 1,221 "
8,4,12," 1,101 "
8,5,12," 1,197 "
8,6,12," 1,242 "
8,7,12," 1,297 "
8,8,12," 1,233 "
8,9,12," 1,173 "
8,10,12," 1,143 "
8,11,12," 1,122 "
8,12,12," 1,190 "
9,1,12," 1,230 "
9,2,12," 1,137 "
9,3,12," 1,221 "
9,4,12," 1,101 "
9,5,12," 1,197 "
9,6,12," 1,242 "
9,7,12," 1,297 "
9,8,12," 1,233 "
9,9,12," 1,173 "
9,10,12," 1,143 "
9,11,12," 1,122 "
9,12,12," 1,190 "
10,1,12," 1,230 "
10,2,12," 1,137 "
10,3,12," 1,221 "
10,4,12," 1,101 "
10,5,12," 1,197 "
10,6,12," 1,242 "
10,7,12," 1,297 "
10,8,12," 1,233 "
10,9,12," 1,173 "
10,10,12," 1,143 "
10,11,12," 1,122 "
10,12,12," 1,190 "
1,1,13," 1,263 "
1,2,13," 1,168 "
1,3,13," 1,249 "
1,4,13," 1,122 "
1,5,13," 1,212 "
1,6,13," 1,256 "
1,7,13," 1,308 "
1,8,13," 1,238 "
1,9,13," 1,180 "
1,10,13," 1,155 "
1,11,13," 1,139 "
1,12,13," 1,220 "
2,1,13," 1,263 "
2,2,13," 1,168 "
2,3,13," 1,249 "
2,4,13," 1,122 "
2,5,13," 1,212 "
2,6,13," 1,256 "
2,7,13," 1,308 "
2,8,13," 1,238 "
2,9,13," 1,180 "
2,10,13," 1,155 "
2,11,13," 1,139 "
2,12,13," 1,220 "
3,1,13," 1,263 "
3,2,13," 1,168 "
3,3,13," 1,249 "
3,4,13," 1,122 "
3,5,13," 1,212 "
3,6,13," 1,256 "
3,7,13," 1,308 "
3,8,13," 1,238 "
3,9,13," 1,180 "
3,10,13," 1,155 "
3,11,13," 1,139 "
3,12,13," 1,220 "
4,1,13," 1,263 "
4,2,13," 1,168 "
4,3,13," 1,249 "
4,4,13," 1,122 "
4,5,13," 1,212 "
4,6,13," 1,256 "
4,7,13," 1,308 "
4,8,13," 1,238 "
4,9,13," 1,180 "
4,10,13," 1,155 "
4,11,13," 1,139 "
4,12,13," 1,220 "
5,1,13," 1,263 "
5,2,13," 1,168 "
5,3,13," 1,249 "
5,4,13," 1,122 "
5,5,13," 1,212 "
5,6,13," 1,256 "
5,7,13," 1,308 "
5,8,13," 1,238 "
5,9,13," 1,180 "
5,10,13," 1,155 "
5,11,13," 1,139 "
5,12,13," 1,220 "
6,1,13," 1,263 "
6,2,13," 1,168 "
6,3,13," 1,249 "
6,4,13," 1,122 "
6,5,13," 1,212 "
6,6,13," 1,256 "
6,7,13," 1,308 "
6,8,13," 1,238 "
6,9,13," 1,180 "
6,10,13," 1,155 "
6,11,13," 1,139 "
6,12,13," 1,220 "
7,1,13," 1,263 "
7,2,13," 1,168 "
7,3,13," 1,249 "
7,4,13," 1,122 "
7,5,13," 1,212 "
7,6,13," 1,256 "
7,7,13," 1,308 "
7,8,13," 1,238 "
7,9,13," 1,180 "
7,10,13," 1,155 "
7,11,13," 1,139 "
7,12,13," 1,220 "
8,1,13," 1,263 "
8,2,13," 1,168 "
8,3,13," 1,249 "
8,4,13," 1,122 "
8,5,13," 1,212 "
8,6,13," 1,256 "
8,7,13," 1,308 "
8,8,13," 1,238 "
8,9,13," 1,180 "
8,10,13," 1,155 "
8,11,13," 1,139 "
8,12,13," 1,220 "
9,1,13," 1,263 "
9,2,13," 1,168 "
9,3,13," 1,249 "
9,4,13," 1,122 "
9,5,13," 1,212 "
9,6,13," 1,256 "
9,7,13," 1,308 "
9,8,13," 1,238 "
9,9,13," 1,180 "
9,10,13," 1,155 "
9,11,13," 1,139 "
9,12,13," 1,220 "
10,1,13," 1,263 "
10,2,13," 1,168 "
10,3,13," 1,249 "
10,4,13," 1,122 "
10,5,13," 1,212 "
10,6,13," 1,256 "
10,7,13," 1,308 "
10,8,13," 1,238 "
10,9,13," 1,180 "
10,10,13," 1,155 "
10,11,13," 1,139 "
10,12,13," 1,220 "
1,1,14," 1,278 "
1,2,14," 1,187 "
1,3,14," 1,264 "
1,4,14," 1,120 "
1,5,14," 1,204 "
1,6,14," 1,250 "
1,7,14," 1,297 "
1,8,14," 1,220 "
1,9,14," 1,163 "
1,10,14," 1,143 "
1,11,14," 1,134 "
1,12,14," 1,228 "
2,1,14," 1,278 "
2,2,14," 1,187 "
2,3,14," 1,264 "
2,4,14," 1,120 "
2,5,14," 1,204 "
2,6,14," 1,250 "
2,7,14," 1,297 "
2,8,14," 1,220 "
2,9,14," 1,163 "
2,10,14," 1,143 "
2,11,14," 1,134 "
2,12,14," 1,228 "
3,1,14," 1,278 "
3,2,14," 1,187 "
3,3,14," 1,264 "
3,4,14," 1,120 "
3,5,14," 1,204 "
3,6,14," 1,250 "
3,7,14," 1,297 "
3,8,14," 1,220 "
3,9,14," 1,163 "
3,10,14," 1,143 "
3,11,14," 1,134 "
3,12,14," 1,228 "
4,1,14," 1,278 "
4,2,14," 1,187 "
4,3,14," 1,264 "
4,4,14," 1,120 "
4,5,14," 1,204 "
4,6,14," 1,250 "
4,7,14," 1,297 "
4,8,14," 1,220 "
4,9,14," 1,163 "
4,10,14," 1,143 "
4,11,14," 1,134 "
4,12,14," 1,228 "
5,1,14," 1,278 "
5,2,14," 1,187 "
5,3,14," 1,264 "
5,4,14," 1,120 "
5,5,14," 1,204 "
5,6,14," 1,250 "
5,7,14," 1,297 "
5,8,14," 1,220 "
5,9,14," 1,163 "
5,10,14," 1,143 "
5,11,14," 1,134 "
5,12,14," 1,228 "
6,1,14," 1,278 "
6,2,14," 1,187 "
6,3,14," 1,264 "
6,4,14," 1,120 "
6,5,14," 1,204 "
6,6,14," 1,250 "
6,7,14," 1,297 "
6,8,14," 1,220 "
6,9,14," 1,163 "
6,10,14," 1,143 "
6,11,14," 1,134 "
6,12,14," 1,228 "
7,1,14," 1,278 "
7,2,14," 1,187 "
7,3,14," 1,264 "
7,4,14," 1,120 "
7,5,14," 1,204 "
7,6,14," 1,250 "
7,7,14," 1,297 "
7,8,14," 1,220 "
7,9,14," 1,163 "
7,10,14," 1,143 "
7,11,14," 1,134 "
7,12,14," 1,228 "
8,1,14," 1,278 "
8,2,14," 1,187 "
8,3,14," 1,264 "
8,4,14," 1,120 "
8,5,14," 1,204 "
8,6,14," 1,250 "
8,7,14," 1,297 "
8,8,14," 1,220 "
8,9,14," 1,163 "
8,10,14," 1,143 "
8,11,14," 1,134 "
8,12,14," 1,228 "
9,1,14," 1,278 "
9,2,14," 1,187 "
9,3,14," 1,264 "
9,4,14," 1,120 "
9,5,14," 1,204 "
9,6,14," 1,250 "
9,7,14," 1,297 "
9,8,14," 1,220 "
9,9,14," 1,163 "
9,10,14," 1,143 "
9,11,14," 1,134 "
9,12,14," 1,228 "
10,1,14," 1,278 "
10,2,14," 1,187 "
10,3,14," 1,264 "
10,4,14," 1,120 "
10,5,14," 1,204 "
10,6,14," 1,250 "
10,7,14," 1,297 "
10,8,14," 1,220 "
10,9,14," 1,163 "
10,10,14," 1,143 "
10,11,14," 1,134 "
10,12,14," 1,228 "
1,1,15," 1,273 "
1,2,15," 1,187 "
1,3,15," 1,257 "
1,4,15," 1,092 "
1,5,15," 1,179 "
1,6,15," 1,234 "
1,7,15," 1,275 "
1,8,15," 1,193 "
1,9,15," 1,129 "
1,10,15," 1,112 "
1,11,15," 1,115 "
1,12,15," 1,215 "
2,1,15," 1,273 "
2,2,15," 1,187 "
2,3,15," 1,257 "
2,4,15," 1,092 "
2,5,15," 1,179 "
2,6,15," 1,234 "
2,7,15," 1,275 "
2,8,15," 1,193 "
2,9,15," 1,129 "
2,10,15," 1,112 "
2,11,15," 1,115 "
2,12,15," 1,215 "
3,1,15," 1,273 "
3,2,15," 1,187 "
3,3,15," 1,257 "
3,4,15," 1,092 "
3,5,15," 1,179 "
3,6,15," 1,234 "
3,7,15," 1,275 "
3,8,15," 1,193 "
3,9,15," 1,129 "
3,10,15," 1,112 "
3,11,15," 1,115 "
3,12,15," 1,215 "
4,1,15," 1,273 "
4,2,15," 1,187 "
4,3,15," 1,257 "
4,4,15," 1,092 "
4,5,15," 1,179 "
4,6,15," 1,234 "
4,7,15," 1,275 "
4,8,15," 1,193 "
4,9,15," 1,129 "
4,10,15," 1,112 "
4,11,15," 1,115 "
4,12,15," 1,215 "
5,1,15," 1,273 "
5,2,15," 1,187 "
5,3,15," 1,257 "
5,4,15," 1,092 "
5,5,15," 1,179 "
5,6,15," 1,234 "
5,7,15," 1,275 "
5,8,15," 1,193 "
5,9,15," 1,129 "
5,10,15," 1,112 "
5,11,15," 1,115 "
5,12,15," 1,215 "
6,1,15," 1,273 "
6,2,15," 1,187 "
6,3,15," 1,257 "
6,4,15," 1,092 "
6,5,15," 1,179 "
6,6,15," 1,234 "
6,7,15," 1,275 "
6,8,15," 1,193 "
6,9,15," 1,129 "
6,10,15," 1,112 "
6,11,15," 1,115 "
6,12,15," 1,215 "
7,1,15," 1,273 "
7,2,15," 1,187 "
7,3,15," 1,257 "
7,4,15," 1,092 "
7,5,15," 1,179 "
7,6,15," 1,234 "
7,7,15," 1,275 "
7,8,15," 1,193 "
7,9,15," 1,129 "
7,10,15," 1,112 "
7,11,15," 1,115 "
7,12,15," 1,215 "
8,1,15," 1,273 "
8,2,15," 1,187 "
8,3,15," 1,257 "
8,4,15," 1,092 "
8,5,15," 1,179 "
8,6,15," 1,234 "
8,7,15," 1,275 "
8,8,15," 1,193 "
8,9,15," 1,129 "
8,10,15," 1,112 "
8,11,15," 1,115 "
8,12,15," 1,215 "
9,1,15," 1,273 "
9,2,15," 1,187 "
9,3,15," 1,257 "
9,4,15," 1,092 "
9,5,15," 1,179 "
9,6,15," 1,234 "
9,7,15," 1,275 "
9,8,15," 1,193 "
9,9,15," 1,129 "
9,10,15," 1,112 "
9,11,15," 1,115 "
9,12,15," 1,215 "
10,1,15," 1,273 "
10,2,15," 1,187 "
10,3,15," 1,257 "
10,4,15," 1,092 "
10,5,15," 1,179 "
10,6,15," 1,234 "
10,7,15," 1,275 "
10,8,15," 1,193 "
10,9,15," 1,129 "
10,10,15," 1,112 "
10,11,15," 1,115 "
10,12,15," 1,215 "
1,1,16," 1,255 "
1,2,16," 1,173 "
1,3,16," 1,236 "
1,4,16," 1,058 "
1,5,16," 1,158 "
1,6,16," 1,229 "
1,7,16," 1,264 "
1,8,16," 1,172 "
1,9,16," 1,094 "
1,10,16," 1,084 "
1,11,16," 1,092 "
1,12,16," 1,195 "
2,1,16," 1,255 "
2,2,16," 1,173 "
2,3,16," 1,236 "
2,4,16," 1,058 "
2,5,16," 1,158 "
2,6,16," 1,229 "
2,7,16," 1,264 "
2,8,16," 1,172 "
2,9,16," 1,094 "
2,10,16," 1,084 "
2,11,16," 1,092 "
2,12,16," 1,195 "
3,1,16," 1,255 "
3,2,16," 1,173 "
3,3,16," 1,236 "
3,4,16," 1,058 "
3,5,16," 1,158 "
3,6,16," 1,229 "
3,7,16," 1,264 "
3,8,16," 1,172 "
3,9,16," 1,094 "
3,10,16," 1,084 "
3,11,16," 1,092 "
3,12,16," 1,195 "
4,1,16," 1,255 "
4,2,16," 1,173 "
4,3,16," 1,236 "
4,4,16," 1,058 "
4,5,16," 1,158 "
4,6,16," 1,229 "
4,7,16," 1,264 "
4,8,16," 1,172 "
4,9,16," 1,094 "
4,10,16," 1,084 "
4,11,16," 1,092 "
4,12,16," 1,195 "
5,1,16," 1,255 "
5,2,16," 1,173 "
5,3,16," 1,236 "
5,4,16," 1,058 "
5,5,16," 1,158 "
5,6,16," 1,229 "
5,7,16," 1,264 "
5,8,16," 1,172 "
5,9,16," 1,094 "
5,10,16," 1,084 "
5,11,16," 1,092 "
5,12,16," 1,195 "
6,1,16," 1,255 "
6,2,16," 1,173 "
6,3,16," 1,236 "
6,4,16," 1,058 "
6,5,16," 1,158 "
6,6,16," 1,229 "
6,7,16," 1,264 "
6,8,16," 1,172 "
6,9,16," 1,094 "
6,10,16," 1,084 "
6,11,16," 1,092 "
6,12,16," 1,195 "
7,1,16," 1,255 "
7,2,16," 1,173 "
7,3,16," 1,236 "
7,4,16," 1,058 "
7,5,16," 1,158 "
7,6,16," 1,229 "
7,7,16," 1,264 "
7,8,16," 1,172 "
7,9,16," 1,094 "
7,10,16," 1,084 "
7,11,16," 1,092 "
7,12,16," 1,195 "
8,1,16," 1,255 "
8,2,16," 1,173 "
8,3,16," 1,236 "
8,4,16," 1,058 "
8,5,16," 1,158 "
8,6,16," 1,229 "
8,7,16," 1,264 "
8,8,16," 1,172 "
8,9,16," 1,094 "
8,10,16," 1,084 "
8,11,16," 1,092 "
8,12,16," 1,195 "
9,1,16," 1,255 "
9,2,16," 1,173 "
9,3,16," 1,236 "
9,4,16," 1,058 "
9,5,16," 1,158 "
9,6,16," 1,229 "
9,7,16," 1,264 "
9,8,16," 1,172 "
9,9,16," 1,094 "
9,10,16," 1,084 "
9,11,16," 1,092 "
9,12,16," 1,195 "
10,1,16," 1,255 "
10,2,16," 1,173 "
10,3,16," 1,236 "
10,4,16," 1,058 "
10,5,16," 1,158 "
10,6,16," 1,229 "
10,7,16," 1,264 "
10,8,16," 1,172 "
10,9,16," 1,094 "
10,10,16," 1,084 "
10,11,16," 1,092 "
10,12,16," 1,195 "
1,1,17," 1,225 "
1,2,17," 1,142 "
1,3,17," 1,208 "
1,4,17," 1,030 "
1,5,17," 1,189 "
1,6,17," 1,285 "
1,7,17," 1,303 "
1,8,17," 1,183 "
1,9,17," 1,063 "
1,10,17," 1,055 "
1,11,17," 1,062 "
1,12,17," 1,168 "
2,1,17," 1,225 "
2,2,17," 1,142 "
2,3,17," 1,208 "
2,4,17," 1,030 "
2,5,17," 1,189 "
2,6,17," 1,285 "
2,7,17," 1,303 "
2,8,17," 1,183 "
2,9,17," 1,063 "
2,10,17," 1,055 "
2,11,17," 1,062 "
2,12,17," 1,168 "
3,1,17," 1,225 "
3,2,17," 1,142 "
3,3,17," 1,208 "
3,4,17," 1,030 "
3,5,17," 1,189 "
3,6,17," 1,285 "
3,7,17," 1,303 "
3,8,17," 1,183 "
3,9,17," 1,063 "
3,10,17," 1,055 "
3,11,17," 1,062 "
3,12,17," 1,168 "
4,1,17," 1,225 "
4,2,17," 1,142 "
4,3,17," 1,208 "
4,4,17," 1,030 "
4,5,17," 1,189 "
4,6,17," 1,285 "
4,7,17," 1,303 "
4,8,17," 1,183 "
4,9,17," 1,063 "
4,10,17," 1,055 "
4,11,17," 1,062 "
4,12,17," 1,168 "
5,1,17," 1,225 "
5,2,17," 1,142 "
5,3,17," 1,208 "
5,4,17," 1,030 "
5,5,17," 1,189 "
5,6,17," 1,285 "
5,7,17," 1,303 "
5,8,17," 1,183 "
5,9,17," 1,063 "
5,10,17," 1,055 "
5,11,17," 1,062 "
5,12,17," 1,168 "
6,1,17," 1,225 "
6,2,17," 1,142 "
6,3,17," 1,208 "
6,4,17," 1,030 "
6,5,17," 1,189 "
6,6,17," 1,285 "
6,7,17," 1,303 "
6,8,17," 1,183 "
6,9,17," 1,063 "
6,10,17," 1,055 "
6,11,17," 1,062 "
6,12,17," 1,168 "
7,1,17," 1,225 "
7,2,17," 1,142 "
7,3,17," 1,208 "
7,4,17," 1,030 "
7,5,17," 1,189 "
7,6,17," 1,285 "
7,7,17," 1,303 "
7,8,17," 1,183 "
7,9,17," 1,063 "
7,10,17," 1,055 "
7,11,17," 1,062 "
7,12,17," 1,168 "
8,1,17," 1,225 "
8,2,17," 1,142 "
8,3,17," 1,208 "
8,4,17," 1,030 "
8,5,17," 1,189 "
8,6,17," 1,285 "
8,7,17," 1,303 "
8,8,17," 1,183 "
8,9,17," 1,063 "
8,10,17," 1,055 "
8,11,17," 1,062 "
8,12,17," 1,168 "
9,1,17," 1,225 "
9,2,17," 1,142 "
9,3,17," 1,208 "
9,4,17," 1,030 "
9,5,17," 1,189 "
9,6,17," 1,285 "
9,7,17," 1,303 "
9,8,17," 1,183 "
9,9,17," 1,063 "
9,10,17," 1,055 "
9,11,17," 1,062 "
9,12,17," 1,168 "
10,1,17," 1,225 "
10,2,17," 1,142 "
10,3,17," 1,208 "
10,4,17," 1,030 "
10,5,17," 1,189 "
10,6,17," 1,285 "
10,7,17," 1,303 "
10,8,17," 1,183 "
10,9,17," 1,063 "
10,10,17," 1,055 "
10,11,17," 1,062 "
10,12,17," 1,168 "
1,1,18," 1,184 "
1,2,18," 1,106 "
1,3,18," 1,175 "
1,4,18," 1,115 "
1,5,18," 1,353 "
1,6,18," 1,428 "
1,7,18," 1,466 "
1,8,18," 1,328 "
1,9,18," 1,075 "
1,10,18," 1,046 "
1,11,18," 1,044 "
1,12,18," 1,143 "
2,1,18," 1,184 "
2,2,18," 1,106 "
2,3,18," 1,175 "
2,4,18," 1,115 "
2,5,18," 1,353 "
2,6,18," 1,428 "
2,7,18," 1,466 "
2,8,18," 1,328 "
2,9,18," 1,075 "
2,10,18," 1,046 "
2,11,18," 1,044 "
2,12,18," 1,143 "
3,1,18," 1,184 "
3,2,18," 1,106 "
3,3,18," 1,175 "
3,4,18," 1,115 "
3,5,18," 1,353 "
3,6,18," 1,428 "
3,7,18," 1,466 "
3,8,18," 1,328 "
3,9,18," 1,075 "
3,10,18," 1,046 "
3,11,18," 1,044 "
3,12,18," 1,143 "
4,1,18," 1,184 "
4,2,18," 1,106 "
4,3,18," 1,175 "
4,4,18," 1,115 "
4,5,18," 1,353 "
4,6,18," 1,428 "
4,7,18," 1,466 "
4,8,18," 1,328 "
4,9,18," 1,075 "
4,10,18," 1,046 "
4,11,18," 1,044 "
4,12,18," 1,143 "
5,1,18," 1,184 "
5,2,18," 1,106 "
5,3,18," 1,175 "
5,4,18," 1,115 "
5,5,18," 1,353 "
5,6,18," 1,428 "
5,7,18," 1,466 "
5,8,18," 1,328 "
5,9,18," 1,075 "
5,10,18," 1,046 "
5,11,18," 1,044 "
5,12,18," 1,143 "
6,1,18," 1,184 "
6,2,18," 1,106 "
6,3,18," 1,175 "
6,4,18," 1,115 "
6,5,18," 1,353 "
6,6,18," 1,428 "
6,7,18," 1,466 "
6,8,18," 1,328 "
6,9,18," 1,075 "
6,10,18," 1,046 "
6,11,18," 1,044 "
6,12,18," 1,143 "
7,1,18," 1,184 "
7,2,18," 1,106 "
7,3,18," 1,175 "
7,4,18," 1,115 "
7,5,18," 1,353 "
7,6,18," 1,428 "
7,7,18," 1,466 "
7,8,18," 1,328 "
7,9,18," 1,075 "
7,10,18," 1,046 "
7,11,18," 1,044 "
7,12,18," 1,143 "
8,1,18," 1,184 "
8,2,18," 1,106 "
8,3,18," 1,175 "
8,4,18," 1,115 "
8,5,18," 1,353 "
8,6,18," 1,428 "
8,7,18," 1,466 "
8,8,18," 1,328 "
8,9,18," 1,075 "
8,10,18," 1,046 "
8,11,18," 1,044 "
8,12,18," 1,143 "
9,1,18," 1,184 "
9,2,18," 1,106 "
9,3,18," 1,175 "
9,4,18," 1,115 "
9,5,18," 1,353 "
9,6,18," 1,428 "
9,7,18," 1,466 "
9,8,18," 1,328 "
9,9,18," 1,075 "
9,10,18," 1,046 "
9,11,18," 1,044 "
9,12,18," 1,143 "
10,1,18," 1,184 "
10,2,18," 1,106 "
10,3,18," 1,175 "
10,4,18," 1,115 "
10,5,18," 1,353 "
10,6,18," 1,428 "
10,7,18," 1,466 "
10,8,18," 1,328 "
10,9,18," 1,075 "
10,10,18," 1,046 "
10,11,18," 1,044 "
10,12,18," 1,143 "
1,1,19," 1,161 "
1,2,19," 1,085 "
1,3,19," 1,191 "
1,4,19," 1,214 "
1,5,19," 1,405 "
1,6,19," 1,462 "
1,7,19," 1,524 "
1,8,19," 1,447 "
1,9,19," 1,190 "
1,10,19," 1,100 "
1,11,19," 1,062 "
1,12,19," 1,134 "
2,1,19," 1,161 "
2,2,19," 1,085 "
2,3,19," 1,191 "
2,4,19," 1,214 "
2,5,19," 1,405 "
2,6,19," 1,462 "
2,7,19," 1,524 "
2,8,19," 1,447 "
2,9,19," 1,190 "
2,10,19," 1,100 "
2,11,19," 1,062 "
2,12,19," 1,134 "
3,1,19," 1,161 "
3,2,19," 1,085 "
3,3,19," 1,191 "
3,4,19," 1,214 "
3,5,19," 1,405 "
3,6,19," 1,462 "
3,7,19," 1,524 "
3,8,19," 1,447 "
3,9,19," 1,190 "
3,10,19," 1,100 "
3,11,19," 1,062 "
3,12,19," 1,134 "
4,1,19," 1,161 "
4,2,19," 1,085 "
4,3,19," 1,191 "
4,4,19," 1,214 "
4,5,19," 1,405 "
4,6,19," 1,462 "
4,7,19," 1,524 "
4,8,19," 1,447 "
4,9,19," 1,190 "
4,10,19," 1,100 "
4,11,19," 1,062 "
4,12,19," 1,134 "
5,1,19," 1,161 "
5,2,19," 1,085 "
5,3,19," 1,191 "
5,4,19," 1,214 "
5,5,19," 1,405 "
5,6,19," 1,462 "
5,7,19," 1,524 "
5,8,19," 1,447 "
5,9,19," 1,190 "
5,10,19," 1,100 "
5,11,19," 1,062 "
5,12,19," 1,134 "
6,1,19," 1,161 "
6,2,19," 1,085 "
6,3,19," 1,191 "
6,4,19," 1,214 "
6,5,19," 1,405 "
6,6,19," 1,462 "
6,7,19," 1,524 "
6,8,19," 1,447 "
6,9,19," 1,190 "
6,10,19," 1,100 "
6,11,19," 1,062 "
6,12,19," 1,134 "
7,1,19," 1,161 "
7,2,19," 1,085 "
7,3,19," 1,191 "
7,4,19," 1,214 "
7,5,19," 1,405 "
7,6,19," 1,462 "
7,7,19," 1,524 "
7,8,19," 1,447 "
7,9,19," 1,190 "
7,10,19," 1,100 "
7,11,19," 1,062 "
7,12,19," 1,134 "
8,1,19," 1,161 "
8,2,19," 1,085 "
8,3,19," 1,191 "
8,4,19," 1,214 "
8,5,19," 1,405 "
8,6,19," 1,462 "
8,7,19," 1,524 "
8,8,19," 1,447 "
8,9,19," 1,190 "
8,10,19," 1,100 "
8,11,19," 1,062 "
8,12,19," 1,134 "
9,1,19," 1,161 "
9,2,19," 1,085 "
9,3,19," 1,191 "
9,4,19," 1,214 "
9,5,19," 1,405 "
9,6,19," 1,462 "
9,7,19," 1,524 "
9,8,19," 1,447 "
9,9,19," 1,190 "
9,10,19," 1,100 "
9,11,19," 1,062 "
9,12,19," 1,134 "
10,1,19," 1,161 "
10,2,19," 1,085 "
10,3,19," 1,191 "
10,4,19," 1,214 "
10,5,19," 1,405 "
10,6,19," 1,462 "
10,7,19," 1,524 "
10,8,19," 1,447 "
10,9,19," 1,190 "
10,10,19," 1,100 "
10,11,19," 1,062 "
10,12,19," 1,134 "
1,1,20," 1,169 "
1,2,20," 1,113 "
1,3,20," 1,297 "
1,4,20," 1,196 "
1,5,20," 1,382 "
1,6,20," 1,441 "
1,7,20," 1,510 "
1,8,20," 1,436 "
1,9,20," 1,318 "
1,10,20," 1,246 "
1,11,20," 1,146 "
1,12,20," 1,161 "
2,1,20," 1,169 "
2,2,20," 1,113 "
2,3,20," 1,297 "
2,4,20," 1,196 "
2,5,20," 1,382 "
2,6,20," 1,441 "
2,7,20," 1,510 "
2,8,20," 1,436 "
2,9,20," 1,318 "
2,10,20," 1,246 "
2,11,20," 1,146 "
2,12,20," 1,161 "
3,1,20," 1,169 "
3,2,20," 1,113 "
3,3,20," 1,297 "
3,4,20," 1,196 "
3,5,20," 1,382 "
3,6,20," 1,441 "
3,7,20," 1,510 "
3,8,20," 1,436 "
3,9,20," 1,318 "
3,10,20," 1,246 "
3,11,20," 1,146 "
3,12,20," 1,161 "
4,1,20," 1,169 "
4,2,20," 1,113 "
4,3,20," 1,297 "
4,4,20," 1,196 "
4,5,20," 1,382 "
4,6,20," 1,441 "
4,7,20," 1,510 "
4,8,20," 1,436 "
4,9,20," 1,318 "
4,10,20," 1,246 "
4,11,20," 1,146 "
4,12,20," 1,161 "
5,1,20," 1,169 "
5,2,20," 1,113 "
5,3,20," 1,297 "
5,4,20," 1,196 "
5,5,20," 1,382 "
5,6,20," 1,441 "
5,7,20," 1,510 "
5,8,20," 1,436 "
5,9,20," 1,318 "
5,10,20," 1,246 "
5,11,20," 1,146 "
5,12,20," 1,161 "
6,1,20," 1,169 "
6,2,20," 1,113 "
6,3,20," 1,297 "
6,4,20," 1,196 "
6,5,20," 1,382 "
6,6,20," 1,441 "
6,7,20," 1,510 "
6,8,20," 1,436 "
6,9,20," 1,318 "
6,10,20," 1,246 "
6,11,20," 1,146 "
6,12,20," 1,161 "
7,1,20," 1,169 "
7,2,20," 1,113 "
7,3,20," 1,297 "
7,4,20," 1,196 "
7,5,20," 1,382 "
7,6,20," 1,441 "
7,7,20," 1,510 "
7,8,20," 1,436 "
7,9,20," 1,318 "
7,10,20," 1,246 "
7,11,20," 1,146 "
7,12,20," 1,161 "
8,1,20," 1,169 "
8,2,20," 1,113 "
8,3,20," 1,297 "
8,4,20," 1,196 "
8,5,20," 1,382 "
8,6,20," 1,441 "
8,7,20," 1,510 "
8,8,20," 1,436 "
8,9,20," 1,318 "
8,10,20," 1,246 "
8,11,20," 1,146 "
8,12,20," 1,161 "
9,1,20," 1,169 "
9,2,20," 1,113 "
9,3,20," 1,297 "
9,4,20," 1,196 "
9,5,20," 1,382 "
9,6,20," 1,441 "
9,7,20," 1,510 "
9,8,20," 1,436 "
9,9,20," 1,318 "
9,10,20," 1,246 "
9,11,20," 1,146 "
9,12,20," 1,161 "
10,1,20," 1,169 "
10,2,20," 1,113 "
10,3,20," 1,297 "
10,4,20," 1,196 "
10,5,20," 1,382 "
10,6,20," 1,441 "
10,7,20," 1,510 "
10,8,20," 1,436 "
10,9,20," 1,318 "
10,10,20," 1,246 "
10,11,20," 1,146 "
10,12,20," 1,161 "
1,1,21," 1,245 "
1,2,21," 1,175 "
1,3,21," 1,285 "
1,4,21," 1,138 "
1,5,21," 1,325 "
1,6,21," 1,388 "
1,7,21," 1,460 "
1,8,21," 1,391 "
1,9,21," 1,296 "
1,10,21," 1,251 "
1,11,21," 1,206 "
1,12,21," 1,250 "
2,1,21," 1,245 "
2,2,21," 1,175 "
2,3,21," 1,285 "
2,4,21," 1,138 "
2,5,21," 1,325 "
2,6,21," 1,388 "
2,7,21," 1,460 "
2,8,21," 1,391 "
2,9,21," 1,296 "
2,10,21," 1,251 "
2,11,21," 1,206 "
2,12,21," 1,250 "
3,1,21," 1,245 "
3,2,21," 1,175 "
3,3,21," 1,285 "
3,4,21," 1,138 "
3,5,21," 1,325 "
3,6,21," 1,388 "
3,7,21," 1,460 "
3,8,21," 1,391 "
3,9,21," 1,296 "
3,10,21," 1,251 "
3,11,21," 1,206 "
3,12,21," 1,250 "
4,1,21," 1,245 "
4,2,21," 1,175 "
4,3,21," 1,285 "
4,4,21," 1,138 "
4,5,21," 1,325 "
4,6,21," 1,388 "
4,7,21," 1,460 "
4,8,21," 1,391 "
4,9,21," 1,296 "
4,10,21," 1,251 "
4,11,21," 1,206 "
4,12,21," 1,250 "
5,1,21," 1,245 "
5,2,21," 1,175 "
5,3,21," 1,285 "
5,4,21," 1,138 "
5,5,21," 1,325 "
5,6,21," 1,388 "
5,7,21," 1,460 "
5,8,21," 1,391 "
5,9,21," 1,296 "
5,10,21," 1,251 "
5,11,21," 1,206 "
5,12,21," 1,250 "
6,1,21," 1,245 "
6,2,21," 1,175 "
6,3,21," 1,285 "
6,4,21," 1,138 "
6,5,21," 1,325 "
6,6,21," 1,388 "
6,7,21," 1,460 "
6,8,21," 1,391 "
6,9,21," 1,296 "
6,10,21," 1,251 "
6,11,21," 1,206 "
6,12,21," 1,250 "
7,1,21," 1,245 "
7,2,21," 1,175 "
7,3,21," 1,285 "
7,4,21," 1,138 "
7,5,21," 1,325 "
7,6,21," 1,388 "
7,7,21," 1,460 "
7,8,21," 1,391 "
7,9,21," 1,296 "
7,10,21," 1,251 "
7,11,21," 1,206 "
7,12,21," 1,250 "
8,1,21," 1,245 "
8,2,21," 1,175 "
8,3,21," 1,285 "
8,4,21," 1,138 "
8,5,21," 1,325 "
8,6,21," 1,388 "
8,7,21," 1,460 "
8,8,21," 1,391 "
8,9,21," 1,296 "
8,10,21," 1,251 "
8,11,21," 1,206 "
8,12,21," 1,250 "
9,1,21," 1,245 "
9,2,21," 1,175 "
9,3,21," 1,285 "
9,4,21," 1,138 "
9,5,21," 1,325 "
9,6,21," 1,388 "
9,7,21," 1,460 "
9,8,21," 1,391 "
9,9,21," 1,296 "
9,10,21," 1,251 "
9,11,21," 1,206 "
9,12,21," 1,250 "
10,1,21," 1,245 "
10,2,21," 1,175 "
10,3,21," 1,285 "
10,4,21," 1,138 "
10,5,21," 1,325 "
10,6,21," 1,388 "
10,7,21," 1,460 "
10,8,21," 1,391 "
10,9,21," 1,296 "
10,10,21," 1,251 "
10,11,21," 1,206 "
10,12,21," 1,250 "
1,1,22," 1,215 "
1,2,22," 1,116 "
1,3,22," 1,186 "
1,4,22," 1,058 "
1,5,22," 1,222 "
1,6,22," 1,282 "
1,7,22," 1,358 "
1,8,22," 1,291 "
1,9,22," 1,215 "
1,10,22," 1,165 "
1,11,22," 1,129 "
1,12,22," 1,210 "
2,1,22," 1,215 "
2,2,22," 1,116 "
2,3,22," 1,186 "
2,4,22," 1,058 "
2,5,22," 1,222 "
2,6,22," 1,282 "
2,7,22," 1,358 "
2,8,22," 1,291 "
2,9,22," 1,215 "
2,10,22," 1,165 "
2,11,22," 1,129 "
2,12,22," 1,210 "
3,1,22," 1,215 "
3,2,22," 1,116 "
3,3,22," 1,186 "
3,4,22," 1,058 "
3,5,22," 1,222 "
3,6,22," 1,282 "
3,7,22," 1,358 "
3,8,22," 1,291 "
3,9,22," 1,215 "
3,10,22," 1,165 "
3,11,22," 1,129 "
3,12,22," 1,210 "
4,1,22," 1,215 "
4,2,22," 1,116 "
4,3,22," 1,186 "
4,4,22," 1,058 "
4,5,22," 1,222 "
4,6,22," 1,282 "
4,7,22," 1,358 "
4,8,22," 1,291 "
4,9,22," 1,215 "
4,10,22," 1,165 "
4,11,22," 1,129 "
4,12,22," 1,210 "
5,1,22," 1,215 "
5,2,22," 1,116 "
5,3,22," 1,186 "
5,4,22," 1,058 "
5,5,22," 1,222 "
5,6,22," 1,282 "
5,7,22," 1,358 "
5,8,22," 1,291 "
5,9,22," 1,215 "
5,10,22," 1,165 "
5,11,22," 1,129 "
5,12,22," 1,210 "
6,1,22," 1,215 "
6,2,22," 1,116 "
6,3,22," 1,186 "
6,4,22," 1,058 "
6,5,22," 1,222 "
6,6,22," 1,282 "
6,7,22," 1,358 "
6,8,22," 1,291 "
6,9,22," 1,215 "
6,10,22," 1,165 "
6,11,22," 1,129 "
6,12,22," 1,210 "
7,1,22," 1,215 "
7,2,22," 1,116 "
7,3,22," 1,186 "
7,4,22," 1,058 "
7,5,22," 1,222 "
7,6,22," 1,282 "
7,7,22," 1,358 "
7,8,22," 1,291 "
7,9,22," 1,215 "
7,10,22," 1,165 "
7,11,22," 1,129 "
7,12,22," 1,210 "
8,1,22," 1,215 "
8,2,22," 1,116 "
8,3,22," 1,186 "
8,4,22," 1,058 "
8,5,22," 1,222 "
8,6,22," 1,282 "
8,7,22," 1,358 "
8,8,22," 1,291 "
8,9,22," 1,215 "
8,10,22," 1,165 "
8,11,22," 1,129 "
8,12,22," 1,210 "
9,1,22," 1,215 "
9,2,22," 1,116 "
9,3,22," 1,186 "
9,4,22," 1,058 "
9,5,22," 1,222 "
9,6,22," 1,282 "
9,7,22," 1,358 "
9,8,22," 1,291 "
9,9,22," 1,215 "
9,10,22," 1,165 "
9,11,22," 1,129 "
9,12,22," 1,210 "
10,1,22," 1,215 "
10,2,22," 1,116 "
10,3,22," 1,186 "
10,4,22," 1,058 "
10,5,22," 1,222 "
10,6,22," 1,282 "
10,7,22," 1,358 "
10,8,22," 1,291 "
10,9,22," 1,215 "
10,10,22," 1,165 "
10,11,22," 1,129 "
10,12,22," 1,210 "
1,1,23," 1,108 "
1,2,23," 1,021 "
1,3,23," 1,058 "
1,4,23, 982 
1,5,23," 1,086 "
1,6,23," 1,136 "
1,7,23," 1,206 "
1,8,23," 1,143 "
1,9,23," 1,087 "
1,10,23," 1,043 "
1,11,23," 1,011 "
1,12,23," 1,099 "
2,1,23," 1,108 "
2,2,23," 1,021 "
2,3,23," 1,058 "
2,4,23, 982 
2,5,23," 1,086 "
2,6,23," 1,136 "
2,7,23," 1,206 "
2,8,23," 1,143 "
2,9,23," 1,087 "
2,10,23," 1,043 "
2,11,23," 1,011 "
2,12,23," 1,099 "
3,1,23," 1,108 "
3,2,23," 1,021 "
3,3,23," 1,058 "
3,4,23, 982 
3,5,23," 1,086 "
3,6,23," 1,136 "
3,7,23," 1,206 "
3,8,23," 1,143 "
3,9,23," 1,087 "
3,10,23," 1,043 "
3,11,23," 1,011 "
3,12,23," 1,099 "
4,1,23," 1,108 "
4,2,23," 1,021 "
4,3,23," 1,058 "
4,4,23, 982 
4,5,23," 1,086 "
4,6,23," 1,136 "
4,7,23," 1,206 "
4,8,23," 1,143 "
4,9,23," 1,087 "
4,10,23," 1,043 "
4,11,23," 1,011 "
4,12,23," 1,099 "
5,1,23," 1,108 "
5,2,23," 1,021 "
5,3,23," 1,058 "
5,4,23, 982 
5,5,23," 1,086 "
5,6,23," 1,136 "
5,7,23," 1,206 "
5,8,23," 1,143 "
5,9,23," 1,087 "
5,10,23," 1,043 "
5,11,23," 1,011 "
5,12,23," 1,099 "
6,1,23," 1,108 "
6,2,23," 1,021 "
6,3,23," 1,058 "
6,4,23, 982 
6,5,23," 1,086 "
6,6,23," 1,136 "
6,7,23," 1,206 "
6,8,23," 1,143 "
6,9,23," 1,087 "
6,10,23," 1,043 "
6,11,23," 1,011 "
6,12,23," 1,099 "
7,1,23," 1,108 "
7,2,23," 1,021 "
7,3,23," 1,058 "
7,4,23, 982 
7,5,23," 1,086 "
7,6,23," 1,136 "
7,7,23," 1,206 "
7,8,23," 1,143 "
7,9,23," 1,087 "
7,10,23," 1,043 "
7,11,23," 1,011 "
7,12,23," 1,099 "
8,1,23," 1,108 "
8,2,23," 1,021 "
8,3,23," 1,058 "
8,4,23, 982 
8,5,23," 1,086 "
8,6,23," 1,136 "
8,7,23," 1,206 "
8,8,23," 1,143 "
8,9,23," 1,087 "
8,10,23," 1,043 "
8,11,23," 1,011 "
8,12,23," 1,099 "
9,1,23," 1,108 "
9,2,23," 1,021 "
9,3,23," 1,058 "
9,4,23, 982 
9,5,23," 1,086 "
9,6,23," 1,136 "
9,7,23," 1,206 "
9,8,23," 1,143 "
9,9,23," 1,087 "
9,10,23," 1,043 "
9,11,23," 1,011 "
9,12,23," 1,099 "
10,1,23," 1,108 "
10,2,23," 1,021 "
10,3,23," 1,058 "
10,4,23, 982 
10,5,23," 1,086 "
10,6,23," 1,136 "
10,7,23," 1,206 "
10,8,23," 1,143 "
10,9,23," 1,087 "
10,10,23," 1,043 "
10,11,23," 1,011 "
10,12,23," 1,099 "
