AÃ±o,Mes,Hora,Generacion_MW
1,1,0,0
1,2,0,0
1,3,0,0
1,4,0,0
1,5,0,0
1,6,0,0
1,7,0,0
1,8,0,0
1,9,0,0
1,10,0,0
1,11,0,0
1,12,0,0
2,1,0,0
2,2,0,0
2,3,0,0
2,4,0,0
2,5,0,0
2,6,0,0
2,7,0,0
2,8,0,0
2,9,0,0
2,10,0,0
2,11,0,0
2,12,0,0
3,1,0,0
3,2,0,0
3,3,0,0
3,4,0,0
3,5,0,0
3,6,0,0
3,7,0,0
3,8,0,0
3,9,0,0
3,10,0,0
3,11,0,0
3,12,0,0
4,1,0,0
4,2,0,0
4,3,0,0
4,4,0,0
4,5,0,0
4,6,0,0
4,7,0,0
4,8,0,0
4,9,0,0
4,10,0,0
4,11,0,0
4,12,0,0
5,1,0,0
5,2,0,0
5,3,0,0
5,4,0,0
5,5,0,0
5,6,0,0
5,7,0,0
5,8,0,0
5,9,0,0
5,10,0,0
5,11,0,0
5,12,0,0
6,1,0,0
6,2,0,0
6,3,0,0
6,4,0,0
6,5,0,0
6,6,0,0
6,7,0,0
6,8,0,0
6,9,0,0
6,10,0,0
6,11,0,0
6,12,0,0
7,1,0,0
7,2,0,0
7,3,0,0
7,4,0,0
7,5,0,0
7,6,0,0
7,7,0,0
7,8,0,0
7,9,0,0
7,10,0,0
7,11,0,0
7,12,0,0
8,1,0,0
8,2,0,0
8,3,0,0
8,4,0,0
8,5,0,0
8,6,0,0
8,7,0,0
8,8,0,0
8,9,0,0
8,10,0,0
8,11,0,0
8,12,0,0
9,1,0,0
9,2,0,0
9,3,0,0
9,4,0,0
9,5,0,0
9,6,0,0
9,7,0,0
9,8,0,0
9,9,0,0
9,10,0,0
9,11,0,0
9,12,0,0
10,1,0,0
10,2,0,0
10,3,0,0
10,4,0,0
10,5,0,0
10,6,0,0
10,7,0,0
10,8,0,0
10,9,0,0
10,10,0,0
10,11,0,0
10,12,0,0
1,1,1,0
1,2,1,0
1,3,1,0
1,4,1,0
1,5,1,0
1,6,1,0
1,7,1,0
1,8,1,0
1,9,1,0
1,10,1,0
1,11,1,0
1,12,1,0
2,1,1,0
2,2,1,0
2,3,1,0
2,4,1,0
2,5,1,0
2,6,1,0
2,7,1,0
2,8,1,0
2,9,1,0
2,10,1,0
2,11,1,0
2,12,1,0
3,1,1,0
3,2,1,0
3,3,1,0
3,4,1,0
3,5,1,0
3,6,1,0
3,7,1,0
3,8,1,0
3,9,1,0
3,10,1,0
3,11,1,0
3,12,1,0
4,1,1,0
4,2,1,0
4,3,1,0
4,4,1,0
4,5,1,0
4,6,1,0
4,7,1,0
4,8,1,0
4,9,1,0
4,10,1,0
4,11,1,0
4,12,1,0
5,1,1,0
5,2,1,0
5,3,1,0
5,4,1,0
5,5,1,0
5,6,1,0
5,7,1,0
5,8,1,0
5,9,1,0
5,10,1,0
5,11,1,0
5,12,1,0
6,1,1,0
6,2,1,0
6,3,1,0
6,4,1,0
6,5,1,0
6,6,1,0
6,7,1,0
6,8,1,0
6,9,1,0
6,10,1,0
6,11,1,0
6,12,1,0
7,1,1,0
7,2,1,0
7,3,1,0
7,4,1,0
7,5,1,0
7,6,1,0
7,7,1,0
7,8,1,0
7,9,1,0
7,10,1,0
7,11,1,0
7,12,1,0
8,1,1,0
8,2,1,0
8,3,1,0
8,4,1,0
8,5,1,0
8,6,1,0
8,7,1,0
8,8,1,0
8,9,1,0
8,10,1,0
8,11,1,0
8,12,1,0
9,1,1,0
9,2,1,0
9,3,1,0
9,4,1,0
9,5,1,0
9,6,1,0
9,7,1,0
9,8,1,0
9,9,1,0
9,10,1,0
9,11,1,0
9,12,1,0
10,1,1,0
10,2,1,0
10,3,1,0
10,4,1,0
10,5,1,0
10,6,1,0
10,7,1,0
10,8,1,0
10,9,1,0
10,10,1,0
10,11,1,0
10,12,1,0
1,1,2,0
1,2,2,0
1,3,2,0
1,4,2,0
1,5,2,0
1,6,2,0
1,7,2,0
1,8,2,0
1,9,2,0
1,10,2,0
1,11,2,0
1,12,2,0
2,1,2,0
2,2,2,0
2,3,2,0
2,4,2,0
2,5,2,0
2,6,2,0
2,7,2,0
2,8,2,0
2,9,2,0
2,10,2,0
2,11,2,0
2,12,2,0
3,1,2,0
3,2,2,0
3,3,2,0
3,4,2,0
3,5,2,0
3,6,2,0
3,7,2,0
3,8,2,0
3,9,2,0
3,10,2,0
3,11,2,0
3,12,2,0
4,1,2,0
4,2,2,0
4,3,2,0
4,4,2,0
4,5,2,0
4,6,2,0
4,7,2,0
4,8,2,0
4,9,2,0
4,10,2,0
4,11,2,0
4,12,2,0
5,1,2,0
5,2,2,0
5,3,2,0
5,4,2,0
5,5,2,0
5,6,2,0
5,7,2,0
5,8,2,0
5,9,2,0
5,10,2,0
5,11,2,0
5,12,2,0
6,1,2,0
6,2,2,0
6,3,2,0
6,4,2,0
6,5,2,0
6,6,2,0
6,7,2,0
6,8,2,0
6,9,2,0
6,10,2,0
6,11,2,0
6,12,2,0
7,1,2,0
7,2,2,0
7,3,2,0
7,4,2,0
7,5,2,0
7,6,2,0
7,7,2,0
7,8,2,0
7,9,2,0
7,10,2,0
7,11,2,0
7,12,2,0
8,1,2,0
8,2,2,0
8,3,2,0
8,4,2,0
8,5,2,0
8,6,2,0
8,7,2,0
8,8,2,0
8,9,2,0
8,10,2,0
8,11,2,0
8,12,2,0
9,1,2,0
9,2,2,0
9,3,2,0
9,4,2,0
9,5,2,0
9,6,2,0
9,7,2,0
9,8,2,0
9,9,2,0
9,10,2,0
9,11,2,0
9,12,2,0
10,1,2,0
10,2,2,0
10,3,2,0
10,4,2,0
10,5,2,0
10,6,2,0
10,7,2,0
10,8,2,0
10,9,2,0
10,10,2,0
10,11,2,0
10,12,2,0
1,1,3,0
1,2,3,0
1,3,3,0
1,4,3,0
1,5,3,0
1,6,3,0
1,7,3,0
1,8,3,0
1,9,3,0
1,10,3,0
1,11,3,0
1,12,3,0
2,1,3,0
2,2,3,0
2,3,3,0
2,4,3,0
2,5,3,0
2,6,3,0
2,7,3,0
2,8,3,0
2,9,3,0
2,10,3,0
2,11,3,0
2,12,3,0
3,1,3,0
3,2,3,0
3,3,3,0
3,4,3,0
3,5,3,0
3,6,3,0
3,7,3,0
3,8,3,0
3,9,3,0
3,10,3,0
3,11,3,0
3,12,3,0
4,1,3,0
4,2,3,0
4,3,3,0
4,4,3,0
4,5,3,0
4,6,3,0
4,7,3,0
4,8,3,0
4,9,3,0
4,10,3,0
4,11,3,0
4,12,3,0
5,1,3,0
5,2,3,0
5,3,3,0
5,4,3,0
5,5,3,0
5,6,3,0
5,7,3,0
5,8,3,0
5,9,3,0
5,10,3,0
5,11,3,0
5,12,3,0
6,1,3,0
6,2,3,0
6,3,3,0
6,4,3,0
6,5,3,0
6,6,3,0
6,7,3,0
6,8,3,0
6,9,3,0
6,10,3,0
6,11,3,0
6,12,3,0
7,1,3,0
7,2,3,0
7,3,3,0
7,4,3,0
7,5,3,0
7,6,3,0
7,7,3,0
7,8,3,0
7,9,3,0
7,10,3,0
7,11,3,0
7,12,3,0
8,1,3,0
8,2,3,0
8,3,3,0
8,4,3,0
8,5,3,0
8,6,3,0
8,7,3,0
8,8,3,0
8,9,3,0
8,10,3,0
8,11,3,0
8,12,3,0
9,1,3,0
9,2,3,0
9,3,3,0
9,4,3,0
9,5,3,0
9,6,3,0
9,7,3,0
9,8,3,0
9,9,3,0
9,10,3,0
9,11,3,0
9,12,3,0
10,1,3,0
10,2,3,0
10,3,3,0
10,4,3,0
10,5,3,0
10,6,3,0
10,7,3,0
10,8,3,0
10,9,3,0
10,10,3,0
10,11,3,0
10,12,3,0
1,1,4,0
1,2,4,0
1,3,4,0
1,4,4,0
1,5,4,0
1,6,4,0
1,7,4,0
1,8,4,0
1,9,4,0
1,10,4,0
1,11,4,0
1,12,4,0
2,1,4,0
2,2,4,0
2,3,4,0
2,4,4,0
2,5,4,0
2,6,4,0
2,7,4,0
2,8,4,0
2,9,4,0
2,10,4,0
2,11,4,0
2,12,4,0
3,1,4,0
3,2,4,0
3,3,4,0
3,4,4,0
3,5,4,0
3,6,4,0
3,7,4,0
3,8,4,0
3,9,4,0
3,10,4,0
3,11,4,0
3,12,4,0
4,1,4,0
4,2,4,0
4,3,4,0
4,4,4,0
4,5,4,0
4,6,4,0
4,7,4,0
4,8,4,0
4,9,4,0
4,10,4,0
4,11,4,0
4,12,4,0
5,1,4,0
5,2,4,0
5,3,4,0
5,4,4,0
5,5,4,0
5,6,4,0
5,7,4,0
5,8,4,0
5,9,4,0
5,10,4,0
5,11,4,0
5,12,4,0
6,1,4,0
6,2,4,0
6,3,4,0
6,4,4,0
6,5,4,0
6,6,4,0
6,7,4,0
6,8,4,0
6,9,4,0
6,10,4,0
6,11,4,0
6,12,4,0
7,1,4,0
7,2,4,0
7,3,4,0
7,4,4,0
7,5,4,0
7,6,4,0
7,7,4,0
7,8,4,0
7,9,4,0
7,10,4,0
7,11,4,0
7,12,4,0
8,1,4,0
8,2,4,0
8,3,4,0
8,4,4,0
8,5,4,0
8,6,4,0
8,7,4,0
8,8,4,0
8,9,4,0
8,10,4,0
8,11,4,0
8,12,4,0
9,1,4,0
9,2,4,0
9,3,4,0
9,4,4,0
9,5,4,0
9,6,4,0
9,7,4,0
9,8,4,0
9,9,4,0
9,10,4,0
9,11,4,0
9,12,4,0
10,1,4,0
10,2,4,0
10,3,4,0
10,4,4,0
10,5,4,0
10,6,4,0
10,7,4,0
10,8,4,0
10,9,4,0
10,10,4,0
10,11,4,0
10,12,4,0
1,1,5,0
1,2,5,0
1,3,5,0
1,4,5,0
1,5,5,0
1,6,5,0
1,7,5,0
1,8,5,0
1,9,5,0
1,10,5,0
1,11,5,0
1,12,5,0
2,1,5,0
2,2,5,0
2,3,5,0
2,4,5,0
2,5,5,0
2,6,5,0
2,7,5,0
2,8,5,0
2,9,5,0
2,10,5,0
2,11,5,0
2,12,5,0
3,1,5,0
3,2,5,0
3,3,5,0
3,4,5,0
3,5,5,0
3,6,5,0
3,7,5,0
3,8,5,0
3,9,5,0
3,10,5,0
3,11,5,0
3,12,5,0
4,1,5,0
4,2,5,0
4,3,5,0
4,4,5,0
4,5,5,0
4,6,5,0
4,7,5,0
4,8,5,0
4,9,5,0
4,10,5,0
4,11,5,0
4,12,5,0
5,1,5,0
5,2,5,0
5,3,5,0
5,4,5,0
5,5,5,0
5,6,5,0
5,7,5,0
5,8,5,0
5,9,5,0
5,10,5,0
5,11,5,0
5,12,5,0
6,1,5,0
6,2,5,0
6,3,5,0
6,4,5,0
6,5,5,0
6,6,5,0
6,7,5,0
6,8,5,0
6,9,5,0
6,10,5,0
6,11,5,0
6,12,5,0
7,1,5,0
7,2,5,0
7,3,5,0
7,4,5,0
7,5,5,0
7,6,5,0
7,7,5,0
7,8,5,0
7,9,5,0
7,10,5,0
7,11,5,0
7,12,5,0
8,1,5,0
8,2,5,0
8,3,5,0
8,4,5,0
8,5,5,0
8,6,5,0
8,7,5,0
8,8,5,0
8,9,5,0
8,10,5,0
8,11,5,0
8,12,5,0
9,1,5,0
9,2,5,0
9,3,5,0
9,4,5,0
9,5,5,0
9,6,5,0
9,7,5,0
9,8,5,0
9,9,5,0
9,10,5,0
9,11,5,0
9,12,5,0
10,1,5,0
10,2,5,0
10,3,5,0
10,4,5,0
10,5,5,0
10,6,5,0
10,7,5,0
10,8,5,0
10,9,5,0
10,10,5,0
10,11,5,0
10,12,5,0
1,1,6,0
1,2,6,0
1,3,6,0
1,4,6,0
1,5,6,0
1,6,6,0
1,7,6,0
1,8,6,0
1,9,6,0
1,10,6,0
1,11,6,0
1,12,6,0
2,1,6,0
2,2,6,0
2,3,6,0
2,4,6,0
2,5,6,0
2,6,6,0
2,7,6,0
2,8,6,0
2,9,6,0
2,10,6,0
2,11,6,0
2,12,6,0
3,1,6,0
3,2,6,0
3,3,6,0
3,4,6,0
3,5,6,0
3,6,6,0
3,7,6,0
3,8,6,0
3,9,6,0
3,10,6,0
3,11,6,0
3,12,6,0
4,1,6,0
4,2,6,0
4,3,6,0
4,4,6,0
4,5,6,0
4,6,6,0
4,7,6,0
4,8,6,0
4,9,6,0
4,10,6,0
4,11,6,0
4,12,6,0
5,1,6,0
5,2,6,0
5,3,6,0
5,4,6,0
5,5,6,0
5,6,6,0
5,7,6,0
5,8,6,0
5,9,6,0
5,10,6,0
5,11,6,0
5,12,6,0
6,1,6,0
6,2,6,0
6,3,6,0
6,4,6,0
6,5,6,0
6,6,6,0
6,7,6,0
6,8,6,0
6,9,6,0
6,10,6,0
6,11,6,0
6,12,6,0
7,1,6,0
7,2,6,0
7,3,6,0
7,4,6,0
7,5,6,0
7,6,6,0
7,7,6,0
7,8,6,0
7,9,6,0
7,10,6,0
7,11,6,0
7,12,6,0
8,1,6,0
8,2,6,0
8,3,6,0
8,4,6,0
8,5,6,0
8,6,6,0
8,7,6,0
8,8,6,0
8,9,6,0
8,10,6,0
8,11,6,0
8,12,6,0
9,1,6,0
9,2,6,0
9,3,6,0
9,4,6,0
9,5,6,0
9,6,6,0
9,7,6,0
9,8,6,0
9,9,6,0
9,10,6,0
9,11,6,0
9,12,6,0
10,1,6,0
10,2,6,0
10,3,6,0
10,4,6,0
10,5,6,0
10,6,6,0
10,7,6,0
10,8,6,0
10,9,6,0
10,10,6,0
10,11,6,0
10,12,6,0
1,1,7, 77 
1,2,7, 16 
1,3,7, 0 
1,4,7,0
1,5,7,0
1,6,7,0
1,7,7,0
1,8,7,0
1,9,7, 9 
1,10,7, 107 
1,11,7, 138 
1,12,7, 170 
2,1,7, 77 
2,2,7, 16 
2,3,7, 0 
2,4,7,0
2,5,7,0
2,6,7,0
2,7,7,0
2,8,7,0
2,9,7, 9 
2,10,7, 107 
2,11,7, 138 
2,12,7, 170 
3,1,7, 77 
3,2,7, 16 
3,3,7, 0 
3,4,7,0
3,5,7,0
3,6,7,0
3,7,7,0
3,8,7,0
3,9,7, 9 
3,10,7, 107 
3,11,7, 138 
3,12,7, 170 
4,1,7, 77 
4,2,7, 16 
4,3,7, 0 
4,4,7,0
4,5,7,0
4,6,7,0
4,7,7,0
4,8,7,0
4,9,7, 9 
4,10,7, 107 
4,11,7, 138 
4,12,7, 170 
5,1,7, 77 
5,2,7, 16 
5,3,7, 0 
5,4,7,0
5,5,7,0
5,6,7,0
5,7,7,0
5,8,7,0
5,9,7, 9 
5,10,7, 107 
5,11,7, 138 
5,12,7, 170 
6,1,7, 77 
6,2,7, 16 
6,3,7, 0 
6,4,7,0
6,5,7,0
6,6,7,0
6,7,7,0
6,8,7,0
6,9,7, 9 
6,10,7, 107 
6,11,7, 138 
6,12,7, 170 
7,1,7, 77 
7,2,7, 16 
7,3,7, 0 
7,4,7,0
7,5,7,0
7,6,7,0
7,7,7,0
7,8,7,0
7,9,7, 9 
7,10,7, 107 
7,11,7, 138 
7,12,7, 170 
8,1,7, 77 
8,2,7, 16 
8,3,7, 0 
8,4,7,0
8,5,7,0
8,6,7,0
8,7,7,0
8,8,7,0
8,9,7, 9 
8,10,7, 107 
8,11,7, 138 
8,12,7, 170 
9,1,7, 77 
9,2,7, 16 
9,3,7, 0 
9,4,7,0
9,5,7,0
9,6,7,0
9,7,7,0
9,8,7,0
9,9,7, 9 
9,10,7, 107 
9,11,7, 138 
9,12,7, 170 
10,1,7, 77 
10,2,7, 16 
10,3,7, 0 
10,4,7,0
10,5,7,0
10,6,7,0
10,7,7,0
10,8,7,0
10,9,7, 9 
10,10,7, 107 
10,11,7, 138 
10,12,7, 170 
1,1,8, 410 
1,2,8, 260 
1,3,8, 230 
1,4,8, 128 
1,5,8, 58 
1,6,8, 14 
1,7,8, 17 
1,8,8, 84 
1,9,8, 268 
1,10,8, 514 
1,11,8, 468 
1,12,8, 423 
2,1,8, 410 
2,2,8, 260 
2,3,8, 230 
2,4,8, 128 
2,5,8, 58 
2,6,8, 14 
2,7,8, 17 
2,8,8, 84 
2,9,8, 268 
2,10,8, 514 
2,11,8, 468 
2,12,8, 423 
3,1,8, 410 
3,2,8, 260 
3,3,8, 230 
3,4,8, 128 
3,5,8, 58 
3,6,8, 14 
3,7,8, 17 
3,8,8, 84 
3,9,8, 268 
3,10,8, 514 
3,11,8, 468 
3,12,8, 423 
4,1,8, 410 
4,2,8, 260 
4,3,8, 230 
4,4,8, 128 
4,5,8, 58 
4,6,8, 14 
4,7,8, 17 
4,8,8, 84 
4,9,8, 268 
4,10,8, 514 
4,11,8, 468 
4,12,8, 423 
5,1,8, 410 
5,2,8, 260 
5,3,8, 230 
5,4,8, 128 
5,5,8, 58 
5,6,8, 14 
5,7,8, 17 
5,8,8, 84 
5,9,8, 268 
5,10,8, 514 
5,11,8, 468 
5,12,8, 423 
6,1,8, 410 
6,2,8, 260 
6,3,8, 230 
6,4,8, 128 
6,5,8, 58 
6,6,8, 14 
6,7,8, 17 
6,8,8, 84 
6,9,8, 268 
6,10,8, 514 
6,11,8, 468 
6,12,8, 423 
7,1,8, 410 
7,2,8, 260 
7,3,8, 230 
7,4,8, 128 
7,5,8, 58 
7,6,8, 14 
7,7,8, 17 
7,8,8, 84 
7,9,8, 268 
7,10,8, 514 
7,11,8, 468 
7,12,8, 423 
8,1,8, 410 
8,2,8, 260 
8,3,8, 230 
8,4,8, 128 
8,5,8, 58 
8,6,8, 14 
8,7,8, 17 
8,8,8, 84 
8,9,8, 268 
8,10,8, 514 
8,11,8, 468 
8,12,8, 423 
9,1,8, 410 
9,2,8, 260 
9,3,8, 230 
9,4,8, 128 
9,5,8, 58 
9,6,8, 14 
9,7,8, 17 
9,8,8, 84 
9,9,8, 268 
9,10,8, 514 
9,11,8, 468 
9,12,8, 423 
10,1,8, 410 
10,2,8, 260 
10,3,8, 230 
10,4,8, 128 
10,5,8, 58 
10,6,8, 14 
10,7,8, 17 
10,8,8, 84 
10,9,8, 268 
10,10,8, 514 
10,11,8, 468 
10,12,8, 423 
1,1,9, 612 
1,2,9, 466 
1,3,9, 566 
1,4,9, 480 
1,5,9, 381 
1,6,9, 288 
1,7,9, 324 
1,8,9, 462 
1,9,9, 527 
1,10,9, 667 
1,11,9, 628 
1,12,9, 589 
2,1,9, 612 
2,2,9, 466 
2,3,9, 566 
2,4,9, 480 
2,5,9, 381 
2,6,9, 288 
2,7,9, 324 
2,8,9, 462 
2,9,9, 527 
2,10,9, 667 
2,11,9, 628 
2,12,9, 589 
3,1,9, 612 
3,2,9, 466 
3,3,9, 566 
3,4,9, 480 
3,5,9, 381 
3,6,9, 288 
3,7,9, 324 
3,8,9, 462 
3,9,9, 527 
3,10,9, 667 
3,11,9, 628 
3,12,9, 589 
4,1,9, 612 
4,2,9, 466 
4,3,9, 566 
4,4,9, 480 
4,5,9, 381 
4,6,9, 288 
4,7,9, 324 
4,8,9, 462 
4,9,9, 527 
4,10,9, 667 
4,11,9, 628 
4,12,9, 589 
5,1,9, 612 
5,2,9, 466 
5,3,9, 566 
5,4,9, 480 
5,5,9, 381 
5,6,9, 288 
5,7,9, 324 
5,8,9, 462 
5,9,9, 527 
5,10,9, 667 
5,11,9, 628 
5,12,9, 589 
6,1,9, 612 
6,2,9, 466 
6,3,9, 566 
6,4,9, 480 
6,5,9, 381 
6,6,9, 288 
6,7,9, 324 
6,8,9, 462 
6,9,9, 527 
6,10,9, 667 
6,11,9, 628 
6,12,9, 589 
7,1,9, 612 
7,2,9, 466 
7,3,9, 566 
7,4,9, 480 
7,5,9, 381 
7,6,9, 288 
7,7,9, 324 
7,8,9, 462 
7,9,9, 527 
7,10,9, 667 
7,11,9, 628 
7,12,9, 589 
8,1,9, 612 
8,2,9, 466 
8,3,9, 566 
8,4,9, 480 
8,5,9, 381 
8,6,9, 288 
8,7,9, 324 
8,8,9, 462 
8,9,9, 527 
8,10,9, 667 
8,11,9, 628 
8,12,9, 589 
9,1,9, 612 
9,2,9, 466 
9,3,9, 566 
9,4,9, 480 
9,5,9, 381 
9,6,9, 288 
9,7,9, 324 
9,8,9, 462 
9,9,9, 527 
9,10,9, 667 
9,11,9, 628 
9,12,9, 589 
10,1,9, 612 
10,2,9, 466 
10,3,9, 566 
10,4,9, 480 
10,5,9, 381 
10,6,9, 288 
10,7,9, 324 
10,8,9, 462 
10,9,9, 527 
10,10,9, 667 
10,11,9, 628 
10,12,9, 589 
1,1,10, 674 
1,2,10, 600 
1,3,10, 664 
1,4,10, 574 
1,5,10, 498 
1,6,10, 462 
1,7,10, 518 
1,8,10, 577 
1,9,10, 659 
1,10,10, 734 
1,11,10, 719 
1,12,10, 705 
2,1,10, 674 
2,2,10, 600 
2,3,10, 664 
2,4,10, 574 
2,5,10, 498 
2,6,10, 462 
2,7,10, 518 
2,8,10, 577 
2,9,10, 659 
2,10,10, 734 
2,11,10, 719 
2,12,10, 705 
3,1,10, 674 
3,2,10, 600 
3,3,10, 664 
3,4,10, 574 
3,5,10, 498 
3,6,10, 462 
3,7,10, 518 
3,8,10, 577 
3,9,10, 659 
3,10,10, 734 
3,11,10, 719 
3,12,10, 705 
4,1,10, 674 
4,2,10, 600 
4,3,10, 664 
4,4,10, 574 
4,5,10, 498 
4,6,10, 462 
4,7,10, 518 
4,8,10, 577 
4,9,10, 659 
4,10,10, 734 
4,11,10, 719 
4,12,10, 705 
5,1,10, 674 
5,2,10, 600 
5,3,10, 664 
5,4,10, 574 
5,5,10, 498 
5,6,10, 462 
5,7,10, 518 
5,8,10, 577 
5,9,10, 659 
5,10,10, 734 
5,11,10, 719 
5,12,10, 705 
6,1,10, 674 
6,2,10, 600 
6,3,10, 664 
6,4,10, 574 
6,5,10, 498 
6,6,10, 462 
6,7,10, 518 
6,8,10, 577 
6,9,10, 659 
6,10,10, 734 
6,11,10, 719 
6,12,10, 705 
7,1,10, 674 
7,2,10, 600 
7,3,10, 664 
7,4,10, 574 
7,5,10, 498 
7,6,10, 462 
7,7,10, 518 
7,8,10, 577 
7,9,10, 659 
7,10,10, 734 
7,11,10, 719 
7,12,10, 705 
8,1,10, 674 
8,2,10, 600 
8,3,10, 664 
8,4,10, 574 
8,5,10, 498 
8,6,10, 462 
8,7,10, 518 
8,8,10, 577 
8,9,10, 659 
8,10,10, 734 
8,11,10, 719 
8,12,10, 705 
9,1,10, 674 
9,2,10, 600 
9,3,10, 664 
9,4,10, 574 
9,5,10, 498 
9,6,10, 462 
9,7,10, 518 
9,8,10, 577 
9,9,10, 659 
9,10,10, 734 
9,11,10, 719 
9,12,10, 705 
10,1,10, 674 
10,2,10, 600 
10,3,10, 664 
10,4,10, 574 
10,5,10, 498 
10,6,10, 462 
10,7,10, 518 
10,8,10, 577 
10,9,10, 659 
10,10,10, 734 
10,11,10, 719 
10,12,10, 705 
1,1,11, 718 
1,2,11, 656 
1,3,11, 716 
1,4,11, 621 
1,5,11, 541 
1,6,11, 487 
1,7,11, 536 
1,8,11, 614 
1,9,11, 689 
1,10,11, 743 
1,11,11, 740 
1,12,11, 736 
2,1,11, 718 
2,2,11, 656 
2,3,11, 716 
2,4,11, 621 
2,5,11, 541 
2,6,11, 487 
2,7,11, 536 
2,8,11, 614 
2,9,11, 689 
2,10,11, 743 
2,11,11, 740 
2,12,11, 736 
3,1,11, 718 
3,2,11, 656 
3,3,11, 716 
3,4,11, 621 
3,5,11, 541 
3,6,11, 487 
3,7,11, 536 
3,8,11, 614 
3,9,11, 689 
3,10,11, 743 
3,11,11, 740 
3,12,11, 736 
4,1,11, 718 
4,2,11, 656 
4,3,11, 716 
4,4,11, 621 
4,5,11, 541 
4,6,11, 487 
4,7,11, 536 
4,8,11, 614 
4,9,11, 689 
4,10,11, 743 
4,11,11, 740 
4,12,11, 736 
5,1,11, 718 
5,2,11, 656 
5,3,11, 716 
5,4,11, 621 
5,5,11, 541 
5,6,11, 487 
5,7,11, 536 
5,8,11, 614 
5,9,11, 689 
5,10,11, 743 
5,11,11, 740 
5,12,11, 736 
6,1,11, 718 
6,2,11, 656 
6,3,11, 716 
6,4,11, 621 
6,5,11, 541 
6,6,11, 487 
6,7,11, 536 
6,8,11, 614 
6,9,11, 689 
6,10,11, 743 
6,11,11, 740 
6,12,11, 736 
7,1,11, 718 
7,2,11, 656 
7,3,11, 716 
7,4,11, 621 
7,5,11, 541 
7,6,11, 487 
7,7,11, 536 
7,8,11, 614 
7,9,11, 689 
7,10,11, 743 
7,11,11, 740 
7,12,11, 736 
8,1,11, 718 
8,2,11, 656 
8,3,11, 716 
8,4,11, 621 
8,5,11, 541 
8,6,11, 487 
8,7,11, 536 
8,8,11, 614 
8,9,11, 689 
8,10,11, 743 
8,11,11, 740 
8,12,11, 736 
9,1,11, 718 
9,2,11, 656 
9,3,11, 716 
9,4,11, 621 
9,5,11, 541 
9,6,11, 487 
9,7,11, 536 
9,8,11, 614 
9,9,11, 689 
9,10,11, 743 
9,11,11, 740 
9,12,11, 736 
10,1,11, 718 
10,2,11, 656 
10,3,11, 716 
10,4,11, 621 
10,5,11, 541 
10,6,11, 487 
10,7,11, 536 
10,8,11, 614 
10,9,11, 689 
10,10,11, 743 
10,11,11, 740 
10,12,11, 736 
1,1,12, 746 
1,2,12, 671 
1,3,12, 723 
1,4,12, 629 
1,5,12, 562 
1,6,12, 500 
1,7,12, 536 
1,8,12, 621 
1,9,12, 691 
1,10,12, 747 
1,11,12, 726 
1,12,12, 750 
2,1,12, 746 
2,2,12, 671 
2,3,12, 723 
2,4,12, 629 
2,5,12, 562 
2,6,12, 500 
2,7,12, 536 
2,8,12, 621 
2,9,12, 691 
2,10,12, 747 
2,11,12, 726 
2,12,12, 750 
3,1,12, 746 
3,2,12, 671 
3,3,12, 723 
3,4,12, 629 
3,5,12, 562 
3,6,12, 500 
3,7,12, 536 
3,8,12, 621 
3,9,12, 691 
3,10,12, 747 
3,11,12, 726 
3,12,12, 750 
4,1,12, 746 
4,2,12, 671 
4,3,12, 723 
4,4,12, 629 
4,5,12, 562 
4,6,12, 500 
4,7,12, 536 
4,8,12, 621 
4,9,12, 691 
4,10,12, 747 
4,11,12, 726 
4,12,12, 750 
5,1,12, 746 
5,2,12, 671 
5,3,12, 723 
5,4,12, 629 
5,5,12, 562 
5,6,12, 500 
5,7,12, 536 
5,8,12, 621 
5,9,12, 691 
5,10,12, 747 
5,11,12, 726 
5,12,12, 750 
6,1,12, 746 
6,2,12, 671 
6,3,12, 723 
6,4,12, 629 
6,5,12, 562 
6,6,12, 500 
6,7,12, 536 
6,8,12, 621 
6,9,12, 691 
6,10,12, 747 
6,11,12, 726 
6,12,12, 750 
7,1,12, 746 
7,2,12, 671 
7,3,12, 723 
7,4,12, 629 
7,5,12, 562 
7,6,12, 500 
7,7,12, 536 
7,8,12, 621 
7,9,12, 691 
7,10,12, 747 
7,11,12, 726 
7,12,12, 750 
8,1,12, 746 
8,2,12, 671 
8,3,12, 723 
8,4,12, 629 
8,5,12, 562 
8,6,12, 500 
8,7,12, 536 
8,8,12, 621 
8,9,12, 691 
8,10,12, 747 
8,11,12, 726 
8,12,12, 750 
9,1,12, 746 
9,2,12, 671 
9,3,12, 723 
9,4,12, 629 
9,5,12, 562 
9,6,12, 500 
9,7,12, 536 
9,8,12, 621 
9,9,12, 691 
9,10,12, 747 
9,11,12, 726 
9,12,12, 750 
10,1,12, 746 
10,2,12, 671 
10,3,12, 723 
10,4,12, 629 
10,5,12, 562 
10,6,12, 500 
10,7,12, 536 
10,8,12, 621 
10,9,12, 691 
10,10,12, 747 
10,11,12, 726 
10,12,12, 750 
1,1,13, 745 
1,2,13, 679 
1,3,13, 719 
1,4,13, 621 
1,5,13, 552 
1,6,13, 496 
1,7,13, 538 
1,8,13, 607 
1,9,13, 685 
1,10,13, 746 
1,11,13, 726 
1,12,13, 749 
2,1,13, 745 
2,2,13, 679 
2,3,13, 719 
2,4,13, 621 
2,5,13, 552 
2,6,13, 496 
2,7,13, 538 
2,8,13, 607 
2,9,13, 685 
2,10,13, 746 
2,11,13, 726 
2,12,13, 749 
3,1,13, 745 
3,2,13, 679 
3,3,13, 719 
3,4,13, 621 
3,5,13, 552 
3,6,13, 496 
3,7,13, 538 
3,8,13, 607 
3,9,13, 685 
3,10,13, 746 
3,11,13, 726 
3,12,13, 749 
4,1,13, 745 
4,2,13, 679 
4,3,13, 719 
4,4,13, 621 
4,5,13, 552 
4,6,13, 496 
4,7,13, 538 
4,8,13, 607 
4,9,13, 685 
4,10,13, 746 
4,11,13, 726 
4,12,13, 749 
5,1,13, 745 
5,2,13, 679 
5,3,13, 719 
5,4,13, 621 
5,5,13, 552 
5,6,13, 496 
5,7,13, 538 
5,8,13, 607 
5,9,13, 685 
5,10,13, 746 
5,11,13, 726 
5,12,13, 749 
6,1,13, 745 
6,2,13, 679 
6,3,13, 719 
6,4,13, 621 
6,5,13, 552 
6,6,13, 496 
6,7,13, 538 
6,8,13, 607 
6,9,13, 685 
6,10,13, 746 
6,11,13, 726 
6,12,13, 749 
7,1,13, 745 
7,2,13, 679 
7,3,13, 719 
7,4,13, 621 
7,5,13, 552 
7,6,13, 496 
7,7,13, 538 
7,8,13, 607 
7,9,13, 685 
7,10,13, 746 
7,11,13, 726 
7,12,13, 749 
8,1,13, 745 
8,2,13, 679 
8,3,13, 719 
8,4,13, 621 
8,5,13, 552 
8,6,13, 496 
8,7,13, 538 
8,8,13, 607 
8,9,13, 685 
8,10,13, 746 
8,11,13, 726 
8,12,13, 749 
9,1,13, 745 
9,2,13, 679 
9,3,13, 719 
9,4,13, 621 
9,5,13, 552 
9,6,13, 496 
9,7,13, 538 
9,8,13, 607 
9,9,13, 685 
9,10,13, 746 
9,11,13, 726 
9,12,13, 749 
10,1,13, 745 
10,2,13, 679 
10,3,13, 719 
10,4,13, 621 
10,5,13, 552 
10,6,13, 496 
10,7,13, 538 
10,8,13, 607 
10,9,13, 685 
10,10,13, 746 
10,11,13, 726 
10,12,13, 749 
1,1,14, 734 
1,2,14, 680 
1,3,14, 721 
1,4,14, 626 
1,5,14, 564 
1,6,14, 501 
1,7,14, 546 
1,8,14, 610 
1,9,14, 688 
1,10,14, 743 
1,11,14, 726 
1,12,14, 750 
2,1,14, 734 
2,2,14, 680 
2,3,14, 721 
2,4,14, 626 
2,5,14, 564 
2,6,14, 501 
2,7,14, 546 
2,8,14, 610 
2,9,14, 688 
2,10,14, 743 
2,11,14, 726 
2,12,14, 750 
3,1,14, 734 
3,2,14, 680 
3,3,14, 721 
3,4,14, 626 
3,5,14, 564 
3,6,14, 501 
3,7,14, 546 
3,8,14, 610 
3,9,14, 688 
3,10,14, 743 
3,11,14, 726 
3,12,14, 750 
4,1,14, 734 
4,2,14, 680 
4,3,14, 721 
4,4,14, 626 
4,5,14, 564 
4,6,14, 501 
4,7,14, 546 
4,8,14, 610 
4,9,14, 688 
4,10,14, 743 
4,11,14, 726 
4,12,14, 750 
5,1,14, 734 
5,2,14, 680 
5,3,14, 721 
5,4,14, 626 
5,5,14, 564 
5,6,14, 501 
5,7,14, 546 
5,8,14, 610 
5,9,14, 688 
5,10,14, 743 
5,11,14, 726 
5,12,14, 750 
6,1,14, 734 
6,2,14, 680 
6,3,14, 721 
6,4,14, 626 
6,5,14, 564 
6,6,14, 501 
6,7,14, 546 
6,8,14, 610 
6,9,14, 688 
6,10,14, 743 
6,11,14, 726 
6,12,14, 750 
7,1,14, 734 
7,2,14, 680 
7,3,14, 721 
7,4,14, 626 
7,5,14, 564 
7,6,14, 501 
7,7,14, 546 
7,8,14, 610 
7,9,14, 688 
7,10,14, 743 
7,11,14, 726 
7,12,14, 750 
8,1,14, 734 
8,2,14, 680 
8,3,14, 721 
8,4,14, 626 
8,5,14, 564 
8,6,14, 501 
8,7,14, 546 
8,8,14, 610 
8,9,14, 688 
8,10,14, 743 
8,11,14, 726 
8,12,14, 750 
9,1,14, 734 
9,2,14, 680 
9,3,14, 721 
9,4,14, 626 
9,5,14, 564 
9,6,14, 501 
9,7,14, 546 
9,8,14, 610 
9,9,14, 688 
9,10,14, 743 
9,11,14, 726 
9,12,14, 750 
10,1,14, 734 
10,2,14, 680 
10,3,14, 721 
10,4,14, 626 
10,5,14, 564 
10,6,14, 501 
10,7,14, 546 
10,8,14, 610 
10,9,14, 688 
10,10,14, 743 
10,11,14, 726 
10,12,14, 750 
1,1,15, 743 
1,2,15, 680 
1,3,15, 722 
1,4,15, 626 
1,5,15, 563 
1,6,15, 502 
1,7,15, 554 
1,8,15, 616 
1,9,15, 688 
1,10,15, 740 
1,11,15, 726 
1,12,15, 750 
2,1,15, 743 
2,2,15, 680 
2,3,15, 722 
2,4,15, 626 
2,5,15, 563 
2,6,15, 502 
2,7,15, 554 
2,8,15, 616 
2,9,15, 688 
2,10,15, 740 
2,11,15, 726 
2,12,15, 750 
3,1,15, 743 
3,2,15, 680 
3,3,15, 722 
3,4,15, 626 
3,5,15, 563 
3,6,15, 502 
3,7,15, 554 
3,8,15, 616 
3,9,15, 688 
3,10,15, 740 
3,11,15, 726 
3,12,15, 750 
4,1,15, 743 
4,2,15, 680 
4,3,15, 722 
4,4,15, 626 
4,5,15, 563 
4,6,15, 502 
4,7,15, 554 
4,8,15, 616 
4,9,15, 688 
4,10,15, 740 
4,11,15, 726 
4,12,15, 750 
5,1,15, 743 
5,2,15, 680 
5,3,15, 722 
5,4,15, 626 
5,5,15, 563 
5,6,15, 502 
5,7,15, 554 
5,8,15, 616 
5,9,15, 688 
5,10,15, 740 
5,11,15, 726 
5,12,15, 750 
6,1,15, 743 
6,2,15, 680 
6,3,15, 722 
6,4,15, 626 
6,5,15, 563 
6,6,15, 502 
6,7,15, 554 
6,8,15, 616 
6,9,15, 688 
6,10,15, 740 
6,11,15, 726 
6,12,15, 750 
7,1,15, 743 
7,2,15, 680 
7,3,15, 722 
7,4,15, 626 
7,5,15, 563 
7,6,15, 502 
7,7,15, 554 
7,8,15, 616 
7,9,15, 688 
7,10,15, 740 
7,11,15, 726 
7,12,15, 750 
8,1,15, 743 
8,2,15, 680 
8,3,15, 722 
8,4,15, 626 
8,5,15, 563 
8,6,15, 502 
8,7,15, 554 
8,8,15, 616 
8,9,15, 688 
8,10,15, 740 
8,11,15, 726 
8,12,15, 750 
9,1,15, 743 
9,2,15, 680 
9,3,15, 722 
9,4,15, 626 
9,5,15, 563 
9,6,15, 502 
9,7,15, 554 
9,8,15, 616 
9,9,15, 688 
9,10,15, 740 
9,11,15, 726 
9,12,15, 750 
10,1,15, 743 
10,2,15, 680 
10,3,15, 722 
10,4,15, 626 
10,5,15, 563 
10,6,15, 502 
10,7,15, 554 
10,8,15, 616 
10,9,15, 688 
10,10,15, 740 
10,11,15, 726 
10,12,15, 750 
1,1,16, 732 
1,2,16, 675 
1,3,16, 709 
1,4,16, 609 
1,5,16, 545 
1,6,16, 491 
1,7,16, 544 
1,8,16, 609 
1,9,16, 668 
1,10,16, 726 
1,11,16, 724 
1,12,16, 748 
2,1,16, 732 
2,2,16, 675 
2,3,16, 709 
2,4,16, 609 
2,5,16, 545 
2,6,16, 491 
2,7,16, 544 
2,8,16, 609 
2,9,16, 668 
2,10,16, 726 
2,11,16, 724 
2,12,16, 748 
3,1,16, 732 
3,2,16, 675 
3,3,16, 709 
3,4,16, 609 
3,5,16, 545 
3,6,16, 491 
3,7,16, 544 
3,8,16, 609 
3,9,16, 668 
3,10,16, 726 
3,11,16, 724 
3,12,16, 748 
4,1,16, 732 
4,2,16, 675 
4,3,16, 709 
4,4,16, 609 
4,5,16, 545 
4,6,16, 491 
4,7,16, 544 
4,8,16, 609 
4,9,16, 668 
4,10,16, 726 
4,11,16, 724 
4,12,16, 748 
5,1,16, 732 
5,2,16, 675 
5,3,16, 709 
5,4,16, 609 
5,5,16, 545 
5,6,16, 491 
5,7,16, 544 
5,8,16, 609 
5,9,16, 668 
5,10,16, 726 
5,11,16, 724 
5,12,16, 748 
6,1,16, 732 
6,2,16, 675 
6,3,16, 709 
6,4,16, 609 
6,5,16, 545 
6,6,16, 491 
6,7,16, 544 
6,8,16, 609 
6,9,16, 668 
6,10,16, 726 
6,11,16, 724 
6,12,16, 748 
7,1,16, 732 
7,2,16, 675 
7,3,16, 709 
7,4,16, 609 
7,5,16, 545 
7,6,16, 491 
7,7,16, 544 
7,8,16, 609 
7,9,16, 668 
7,10,16, 726 
7,11,16, 724 
7,12,16, 748 
8,1,16, 732 
8,2,16, 675 
8,3,16, 709 
8,4,16, 609 
8,5,16, 545 
8,6,16, 491 
8,7,16, 544 
8,8,16, 609 
8,9,16, 668 
8,10,16, 726 
8,11,16, 724 
8,12,16, 748 
9,1,16, 732 
9,2,16, 675 
9,3,16, 709 
9,4,16, 609 
9,5,16, 545 
9,6,16, 491 
9,7,16, 544 
9,8,16, 609 
9,9,16, 668 
9,10,16, 726 
9,11,16, 724 
9,12,16, 748 
10,1,16, 732 
10,2,16, 675 
10,3,16, 709 
10,4,16, 609 
10,5,16, 545 
10,6,16, 491 
10,7,16, 544 
10,8,16, 609 
10,9,16, 668 
10,10,16, 726 
10,11,16, 724 
10,12,16, 748 
1,1,17, 713 
1,2,17, 639 
1,3,17, 661 
1,4,17, 548 
1,5,17, 488 
1,6,17, 432 
1,7,17, 494 
1,8,17, 564 
1,9,17, 613 
1,10,17, 655 
1,11,17, 699 
1,12,17, 725 
2,1,17, 713 
2,2,17, 639 
2,3,17, 661 
2,4,17, 548 
2,5,17, 488 
2,6,17, 432 
2,7,17, 494 
2,8,17, 564 
2,9,17, 613 
2,10,17, 655 
2,11,17, 699 
2,12,17, 725 
3,1,17, 713 
3,2,17, 639 
3,3,17, 661 
3,4,17, 548 
3,5,17, 488 
3,6,17, 432 
3,7,17, 494 
3,8,17, 564 
3,9,17, 613 
3,10,17, 655 
3,11,17, 699 
3,12,17, 725 
4,1,17, 713 
4,2,17, 639 
4,3,17, 661 
4,4,17, 548 
4,5,17, 488 
4,6,17, 432 
4,7,17, 494 
4,8,17, 564 
4,9,17, 613 
4,10,17, 655 
4,11,17, 699 
4,12,17, 725 
5,1,17, 713 
5,2,17, 639 
5,3,17, 661 
5,4,17, 548 
5,5,17, 488 
5,6,17, 432 
5,7,17, 494 
5,8,17, 564 
5,9,17, 613 
5,10,17, 655 
5,11,17, 699 
5,12,17, 725 
6,1,17, 713 
6,2,17, 639 
6,3,17, 661 
6,4,17, 548 
6,5,17, 488 
6,6,17, 432 
6,7,17, 494 
6,8,17, 564 
6,9,17, 613 
6,10,17, 655 
6,11,17, 699 
6,12,17, 725 
7,1,17, 713 
7,2,17, 639 
7,3,17, 661 
7,4,17, 548 
7,5,17, 488 
7,6,17, 432 
7,7,17, 494 
7,8,17, 564 
7,9,17, 613 
7,10,17, 655 
7,11,17, 699 
7,12,17, 725 
8,1,17, 713 
8,2,17, 639 
8,3,17, 661 
8,4,17, 548 
8,5,17, 488 
8,6,17, 432 
8,7,17, 494 
8,8,17, 564 
8,9,17, 613 
8,10,17, 655 
8,11,17, 699 
8,12,17, 725 
9,1,17, 713 
9,2,17, 639 
9,3,17, 661 
9,4,17, 548 
9,5,17, 488 
9,6,17, 432 
9,7,17, 494 
9,8,17, 564 
9,9,17, 613 
9,10,17, 655 
9,11,17, 699 
9,12,17, 725 
10,1,17, 713 
10,2,17, 639 
10,3,17, 661 
10,4,17, 548 
10,5,17, 488 
10,6,17, 432 
10,7,17, 494 
10,8,17, 564 
10,9,17, 613 
10,10,17, 655 
10,11,17, 699 
10,12,17, 725 
1,1,18, 634 
1,2,18, 557 
1,3,18, 518 
1,4,18, 277 
1,5,18, 122 
1,6,18, 81 
1,7,18, 144 
1,8,18, 267 
1,9,18, 365 
1,10,18, 466 
1,11,18, 590 
1,12,18, 625 
2,1,18, 634 
2,2,18, 557 
2,3,18, 518 
2,4,18, 277 
2,5,18, 122 
2,6,18, 81 
2,7,18, 144 
2,8,18, 267 
2,9,18, 365 
2,10,18, 466 
2,11,18, 590 
2,12,18, 625 
3,1,18, 634 
3,2,18, 557 
3,3,18, 518 
3,4,18, 277 
3,5,18, 122 
3,6,18, 81 
3,7,18, 144 
3,8,18, 267 
3,9,18, 365 
3,10,18, 466 
3,11,18, 590 
3,12,18, 625 
4,1,18, 634 
4,2,18, 557 
4,3,18, 518 
4,4,18, 277 
4,5,18, 122 
4,6,18, 81 
4,7,18, 144 
4,8,18, 267 
4,9,18, 365 
4,10,18, 466 
4,11,18, 590 
4,12,18, 625 
5,1,18, 634 
5,2,18, 557 
5,3,18, 518 
5,4,18, 277 
5,5,18, 122 
5,6,18, 81 
5,7,18, 144 
5,8,18, 267 
5,9,18, 365 
5,10,18, 466 
5,11,18, 590 
5,12,18, 625 
6,1,18, 634 
6,2,18, 557 
6,3,18, 518 
6,4,18, 277 
6,5,18, 122 
6,6,18, 81 
6,7,18, 144 
6,8,18, 267 
6,9,18, 365 
6,10,18, 466 
6,11,18, 590 
6,12,18, 625 
7,1,18, 634 
7,2,18, 557 
7,3,18, 518 
7,4,18, 277 
7,5,18, 122 
7,6,18, 81 
7,7,18, 144 
7,8,18, 267 
7,9,18, 365 
7,10,18, 466 
7,11,18, 590 
7,12,18, 625 
8,1,18, 634 
8,2,18, 557 
8,3,18, 518 
8,4,18, 277 
8,5,18, 122 
8,6,18, 81 
8,7,18, 144 
8,8,18, 267 
8,9,18, 365 
8,10,18, 466 
8,11,18, 590 
8,12,18, 625 
9,1,18, 634 
9,2,18, 557 
9,3,18, 518 
9,4,18, 277 
9,5,18, 122 
9,6,18, 81 
9,7,18, 144 
9,8,18, 267 
9,9,18, 365 
9,10,18, 466 
9,11,18, 590 
9,12,18, 625 
10,1,18, 634 
10,2,18, 557 
10,3,18, 518 
10,4,18, 277 
10,5,18, 122 
10,6,18, 81 
10,7,18, 144 
10,8,18, 267 
10,9,18, 365 
10,10,18, 466 
10,11,18, 590 
10,12,18, 625 
1,1,19, 363 
1,2,19, 254 
1,3,19, 109 
1,4,19, 9 
1,5,19,0
1,6,19,0
1,7,19,0
1,8,19, 1 
1,9,19, 21 
1,10,19, 67 
1,11,19, 171 
1,12,19, 305 
2,1,19, 363 
2,2,19, 254 
2,3,19, 109 
2,4,19, 9 
2,5,19,0
2,6,19,0
2,7,19,0
2,8,19, 1 
2,9,19, 21 
2,10,19, 67 
2,11,19, 171 
2,12,19, 305 
3,1,19, 363 
3,2,19, 254 
3,3,19, 109 
3,4,19, 9 
3,5,19,0
3,6,19,0
3,7,19,0
3,8,19, 1 
3,9,19, 21 
3,10,19, 67 
3,11,19, 171 
3,12,19, 305 
4,1,19, 363 
4,2,19, 254 
4,3,19, 109 
4,4,19, 9 
4,5,19,0
4,6,19,0
4,7,19,0
4,8,19, 1 
4,9,19, 21 
4,10,19, 67 
4,11,19, 171 
4,12,19, 305 
5,1,19, 363 
5,2,19, 254 
5,3,19, 109 
5,4,19, 9 
5,5,19,0
5,6,19,0
5,7,19,0
5,8,19, 1 
5,9,19, 21 
5,10,19, 67 
5,11,19, 171 
5,12,19, 305 
6,1,19, 363 
6,2,19, 254 
6,3,19, 109 
6,4,19, 9 
6,5,19,0
6,6,19,0
6,7,19,0
6,8,19, 1 
6,9,19, 21 
6,10,19, 67 
6,11,19, 171 
6,12,19, 305 
7,1,19, 363 
7,2,19, 254 
7,3,19, 109 
7,4,19, 9 
7,5,19,0
7,6,19,0
7,7,19,0
7,8,19, 1 
7,9,19, 21 
7,10,19, 67 
7,11,19, 171 
7,12,19, 305 
8,1,19, 363 
8,2,19, 254 
8,3,19, 109 
8,4,19, 9 
8,5,19,0
8,6,19,0
8,7,19,0
8,8,19, 1 
8,9,19, 21 
8,10,19, 67 
8,11,19, 171 
8,12,19, 305 
9,1,19, 363 
9,2,19, 254 
9,3,19, 109 
9,4,19, 9 
9,5,19,0
9,6,19,0
9,7,19,0
9,8,19, 1 
9,9,19, 21 
9,10,19, 67 
9,11,19, 171 
9,12,19, 305 
10,1,19, 363 
10,2,19, 254 
10,3,19, 109 
10,4,19, 9 
10,5,19,0
10,6,19,0
10,7,19,0
10,8,19, 1 
10,9,19, 21 
10,10,19, 67 
10,11,19, 171 
10,12,19, 305 
1,1,20, 22 
1,2,20, 3 
1,3,20,0
1,4,20,0
1,5,20,0
1,6,20,0
1,7,20,0
1,8,20,0
1,9,20,0
1,10,20,0
1,11,20,0
1,12,20, 7 
2,1,20, 22 
2,2,20, 3 
2,3,20,0
2,4,20,0
2,5,20,0
2,6,20,0
2,7,20,0
2,8,20,0
2,9,20,0
2,10,20,0
2,11,20,0
2,12,20, 7 
3,1,20, 22 
3,2,20, 3 
3,3,20,0
3,4,20,0
3,5,20,0
3,6,20,0
3,7,20,0
3,8,20,0
3,9,20,0
3,10,20,0
3,11,20,0
3,12,20, 7 
4,1,20, 22 
4,2,20, 3 
4,3,20,0
4,4,20,0
4,5,20,0
4,6,20,0
4,7,20,0
4,8,20,0
4,9,20,0
4,10,20,0
4,11,20,0
4,12,20, 7 
5,1,20, 22 
5,2,20, 3 
5,3,20,0
5,4,20,0
5,5,20,0
5,6,20,0
5,7,20,0
5,8,20,0
5,9,20,0
5,10,20,0
5,11,20,0
5,12,20, 7 
6,1,20, 22 
6,2,20, 3 
6,3,20,0
6,4,20,0
6,5,20,0
6,6,20,0
6,7,20,0
6,8,20,0
6,9,20,0
6,10,20,0
6,11,20,0
6,12,20, 7 
7,1,20, 22 
7,2,20, 3 
7,3,20,0
7,4,20,0
7,5,20,0
7,6,20,0
7,7,20,0
7,8,20,0
7,9,20,0
7,10,20,0
7,11,20,0
7,12,20, 7 
8,1,20, 22 
8,2,20, 3 
8,3,20,0
8,4,20,0
8,5,20,0
8,6,20,0
8,7,20,0
8,8,20,0
8,9,20,0
8,10,20,0
8,11,20,0
8,12,20, 7 
9,1,20, 22 
9,2,20, 3 
9,3,20,0
9,4,20,0
9,5,20,0
9,6,20,0
9,7,20,0
9,8,20,0
9,9,20,0
9,10,20,0
9,11,20,0
9,12,20, 7 
10,1,20, 22 
10,2,20, 3 
10,3,20,0
10,4,20,0
10,5,20,0
10,6,20,0
10,7,20,0
10,8,20,0
10,9,20,0
10,10,20,0
10,11,20,0
10,12,20, 7 
1,1,21,0
1,2,21,0
1,3,21,0
1,4,21,0
1,5,21,0
1,6,21,0
1,7,21,0
1,8,21,0
1,9,21,0
1,10,21,0
1,11,21,0
1,12,21,0
2,1,21,0
2,2,21,0
2,3,21,0
2,4,21,0
2,5,21,0
2,6,21,0
2,7,21,0
2,8,21,0
2,9,21,0
2,10,21,0
2,11,21,0
2,12,21,0
3,1,21,0
3,2,21,0
3,3,21,0
3,4,21,0
3,5,21,0
3,6,21,0
3,7,21,0
3,8,21,0
3,9,21,0
3,10,21,0
3,11,21,0
3,12,21,0
4,1,21,0
4,2,21,0
4,3,21,0
4,4,21,0
4,5,21,0
4,6,21,0
4,7,21,0
4,8,21,0
4,9,21,0
4,10,21,0
4,11,21,0
4,12,21,0
5,1,21,0
5,2,21,0
5,3,21,0
5,4,21,0
5,5,21,0
5,6,21,0
5,7,21,0
5,8,21,0
5,9,21,0
5,10,21,0
5,11,21,0
5,12,21,0
6,1,21,0
6,2,21,0
6,3,21,0
6,4,21,0
6,5,21,0
6,6,21,0
6,7,21,0
6,8,21,0
6,9,21,0
6,10,21,0
6,11,21,0
6,12,21,0
7,1,21,0
7,2,21,0
7,3,21,0
7,4,21,0
7,5,21,0
7,6,21,0
7,7,21,0
7,8,21,0
7,9,21,0
7,10,21,0
7,11,21,0
7,12,21,0
8,1,21,0
8,2,21,0
8,3,21,0
8,4,21,0
8,5,21,0
8,6,21,0
8,7,21,0
8,8,21,0
8,9,21,0
8,10,21,0
8,11,21,0
8,12,21,0
9,1,21,0
9,2,21,0
9,3,21,0
9,4,21,0
9,5,21,0
9,6,21,0
9,7,21,0
9,8,21,0
9,9,21,0
9,10,21,0
9,11,21,0
9,12,21,0
10,1,21,0
10,2,21,0
10,3,21,0
10,4,21,0
10,5,21,0
10,6,21,0
10,7,21,0
10,8,21,0
10,9,21,0
10,10,21,0
10,11,21,0
10,12,21,0
1,1,22,0
1,2,22,0
1,3,22,0
1,4,22,0
1,5,22,0
1,6,22,0
1,7,22,0
1,8,22,0
1,9,22,0
1,10,22,0
1,11,22,0
1,12,22,0
2,1,22,0
2,2,22,0
2,3,22,0
2,4,22,0
2,5,22,0
2,6,22,0
2,7,22,0
2,8,22,0
2,9,22,0
2,10,22,0
2,11,22,0
2,12,22,0
3,1,22,0
3,2,22,0
3,3,22,0
3,4,22,0
3,5,22,0
3,6,22,0
3,7,22,0
3,8,22,0
3,9,22,0
3,10,22,0
3,11,22,0
3,12,22,0
4,1,22,0
4,2,22,0
4,3,22,0
4,4,22,0
4,5,22,0
4,6,22,0
4,7,22,0
4,8,22,0
4,9,22,0
4,10,22,0
4,11,22,0
4,12,22,0
5,1,22,0
5,2,22,0
5,3,22,0
5,4,22,0
5,5,22,0
5,6,22,0
5,7,22,0
5,8,22,0
5,9,22,0
5,10,22,0
5,11,22,0
5,12,22,0
6,1,22,0
6,2,22,0
6,3,22,0
6,4,22,0
6,5,22,0
6,6,22,0
6,7,22,0
6,8,22,0
6,9,22,0
6,10,22,0
6,11,22,0
6,12,22,0
7,1,22,0
7,2,22,0
7,3,22,0
7,4,22,0
7,5,22,0
7,6,22,0
7,7,22,0
7,8,22,0
7,9,22,0
7,10,22,0
7,11,22,0
7,12,22,0
8,1,22,0
8,2,22,0
8,3,22,0
8,4,22,0
8,5,22,0
8,6,22,0
8,7,22,0
8,8,22,0
8,9,22,0
8,10,22,0
8,11,22,0
8,12,22,0
9,1,22,0
9,2,22,0
9,3,22,0
9,4,22,0
9,5,22,0
9,6,22,0
9,7,22,0
9,8,22,0
9,9,22,0
9,10,22,0
9,11,22,0
9,12,22,0
10,1,22,0
10,2,22,0
10,3,22,0
10,4,22,0
10,5,22,0
10,6,22,0
10,7,22,0
10,8,22,0
10,9,22,0
10,10,22,0
10,11,22,0
10,12,22,0
1,1,23,0
1,2,23,0
1,3,23,0
1,4,23,0
1,5,23,0
1,6,23,0
1,7,23,0
1,8,23,0
1,9,23,0
1,10,23,0
1,11,23,0
1,12,23,0
2,1,23,0
2,2,23,0
2,3,23,0
2,4,23,0
2,5,23,0
2,6,23,0
2,7,23,0
2,8,23,0
2,9,23,0
2,10,23,0
2,11,23,0
2,12,23,0
3,1,23,0
3,2,23,0
3,3,23,0
3,4,23,0
3,5,23,0
3,6,23,0
3,7,23,0
3,8,23,0
3,9,23,0
3,10,23,0
3,11,23,0
3,12,23,0
4,1,23,0
4,2,23,0
4,3,23,0
4,4,23,0
4,5,23,0
4,6,23,0
4,7,23,0
4,8,23,0
4,9,23,0
4,10,23,0
4,11,23,0
4,12,23,0
5,1,23,0
5,2,23,0
5,3,23,0
5,4,23,0
5,5,23,0
5,6,23,0
5,7,23,0
5,8,23,0
5,9,23,0
5,10,23,0
5,11,23,0
5,12,23,0
6,1,23,0
6,2,23,0
6,3,23,0
6,4,23,0
6,5,23,0
6,6,23,0
6,7,23,0
6,8,23,0
6,9,23,0
6,10,23,0
6,11,23,0
6,12,23,0
7,1,23,0
7,2,23,0
7,3,23,0
7,4,23,0
7,5,23,0
7,6,23,0
7,7,23,0
7,8,23,0
7,9,23,0
7,10,23,0
7,11,23,0
7,12,23,0
8,1,23,0
8,2,23,0
8,3,23,0
8,4,23,0
8,5,23,0
8,6,23,0
8,7,23,0
8,8,23,0
8,9,23,0
8,10,23,0
8,11,23,0
8,12,23,0
9,1,23,0
9,2,23,0
9,3,23,0
9,4,23,0
9,5,23,0
9,6,23,0
9,7,23,0
9,8,23,0
9,9,23,0
9,10,23,0
9,11,23,0
9,12,23,0
10,1,23,0
10,2,23,0
10,3,23,0
10,4,23,0
10,5,23,0
10,6,23,0
10,7,23,0
10,8,23,0
10,9,23,0
10,10,23,0
10,11,23,0
10,12,23,0
